#
# A fatal error has been detected by the Java Runtime Environment:
#
#  EXCEPTION_ACCESS_VIOLATION (0xc0000005) at pc=0x00007ffc9766c34f, pid=3960, tid=36344
#
# JRE version: OpenJDK Runtime Environment (21.0.3) (build 21.0.3+-12282718-b509.11)
# Java VM: OpenJDK 64-Bit Server VM (21.0.3+-12282718-b509.11, mixed mode, tiered, compressed oops, compressed class ptrs, g1 gc, windows-amd64)
# Problematic frame:
# V  [jvm.dll+0x60c34f]
#
# No core dump will be written. Minidumps are not enabled by default on client versions of Windows
#
# If you would like to submit a bug report, please visit:
#   https://youtrack.jetbrains.com/issues/JBR
#

---------------  S U M M A R Y ------------

Command Line: --add-opens=java.base/java.util=ALL-UNNAMED --add-opens=java.base/java.lang=ALL-UNNAMED --add-opens=java.base/java.lang.invoke=ALL-UNNAMED --add-opens=java.prefs/java.util.prefs=ALL-UNNAMED --add-exports=jdk.compiler/com.sun.tools.javac.api=ALL-UNNAMED --add-exports=jdk.compiler/com.sun.tools.javac.util=ALL-UNNAMED --add-opens=java.base/java.nio.charset=ALL-UNNAMED --add-opens=java.base/java.net=ALL-UNNAMED --add-opens=java.base/java.util.concurrent.atomic=ALL-UNNAMED -Xmx2048m -Dfile.encoding=UTF-8 -Duser.country=US -Duser.language=en -Duser.variant -javaagent:C:\Users\Acer\.gradle\wrapper\dists\gradle-8.9-bin\90cnw93cvbtalezasaz0blq0a\gradle-8.9\lib\agents\gradle-instrumentation-agent-8.9.jar org.gradle.launcher.daemon.bootstrap.GradleDaemon 8.9

Host: Intel(R) Core(TM) i9-14900HX, 32 cores, 15G,  Windows 11 , 64 bit Build 26100 (10.0.26100.3323)
Time: Mon Mar 31 11:38:24 2025 SE Asia Standard Time elapsed time: 5.513240 seconds (0d 0h 0m 5s)

---------------  T H R E A D  ---------------

Current thread (0x0000013babfcea40):  JavaThread "C2 CompilerThread0" daemon [_thread_in_native, id=36344, stack(0x000000171e800000,0x000000171e900000) (1024K)]


Current CompileTask:
C2:   5513 7170       4       java.util.regex.Pattern::compile (537 bytes)

Stack: [0x000000171e800000,0x000000171e900000],  sp=0x000000171e8fbef0,  free space=1007k
Native frames: (J=compiled Java code, j=interpreted, Vv=VM code, C=native code)
V  [jvm.dll+0x60c34f]
V  [jvm.dll+0x60bd04]
V  [jvm.dll+0x5f6148]
V  [jvm.dll+0x24fad2]
V  [jvm.dll+0x24fe8f]
V  [jvm.dll+0x248775]
V  [jvm.dll+0x245fce]
V  [jvm.dll+0x1c5804]
V  [jvm.dll+0x25575c]
V  [jvm.dll+0x253c36]
V  [jvm.dll+0x3ec996]
V  [jvm.dll+0x800d78]
V  [jvm.dll+0x6c98cd]
C  [ucrtbase.dll+0x37b0]
C  [KERNEL32.DLL+0x2e8d7]
C  [ntdll.dll+0xbbf6c]


siginfo: EXCEPTION_ACCESS_VIOLATION (0xc0000005), reading address 0x0000000000000034


Registers:
RAX=0x0000000000000008, RBX=0x0000000000000113, RCX=0x0000000000000002, RDX=0x0000013bb4e42d10
RSP=0x000000171e8fbef0, RBP=0x0000000000000056, RSI=0x0000013bb4e43d10, RDI=0x0000000000000008
R8 =0x0000000000000001, R9 =0x0000000000000003, R10=0x0000013bb4e43d68, R11=0x000000171e8fbec8
R12=0x0000000000000005, R13=0x000000171e8fc2a0, R14=0x000000171e8fc2a0, R15=0x0000013bb4e43d10
RIP=0x00007ffc9766c34f, EFLAGS=0x0000000000010202


Register to memory mapping:

RAX=0x0000000000000008 is an unknown value
RBX=0x0000000000000113 is an unknown value
RCX=0x0000000000000002 is an unknown value
RDX=0x0000013bb4e42d10 points into unknown readable memory: 0x00007ffc9790d680 | 80 d6 90 97 fc 7f 00 00
RSP=0x000000171e8fbef0 is pointing into the stack for thread: 0x0000013babfcea40
RBP=0x0000000000000056 is an unknown value
RSI=0x0000013bb4e43d10 points into unknown readable memory: 0x00007ffc97982158 | 58 21 98 97 fc 7f 00 00
RDI=0x0000000000000008 is an unknown value
R8 =0x0000000000000001 is an unknown value
R9 =0x0000000000000003 is an unknown value
R10=0x0000013bb4e43d68 points into unknown readable memory: 0x0000013bb4e43c98 | 98 3c e4 b4 3b 01 00 00
R11=0x000000171e8fbec8 is pointing into the stack for thread: 0x0000013babfcea40
R12=0x0000000000000005 is an unknown value
R13=0x000000171e8fc2a0 is pointing into the stack for thread: 0x0000013babfcea40
R14=0x000000171e8fc2a0 is pointing into the stack for thread: 0x0000013babfcea40
R15=0x0000013bb4e43d10 points into unknown readable memory: 0x00007ffc97982158 | 58 21 98 97 fc 7f 00 00

Top of Stack: (sp=0x000000171e8fbef0)
0x000000171e8fbef0:   0000000000000113 0000000000000056
0x000000171e8fbf00:   0000013bb4e43d10 0000000000000006
0x000000171e8fbf10:   0000000000000003 00007ffc9766bd04
0x000000171e8fbf20:   000000171e8fbfe0 0000000000000056
0x000000171e8fbf30:   0000000000000003 0000013bb4e43c98
0x000000171e8fbf40:   0000000000000000 0000000000000000
0x000000171e8fbf50:   000000171e8fc2a0 0000013bb4c5a390
0x000000171e8fbf60:   000000171e8fc070 00007ffc97656148
0x000000171e8fbf70:   0000000000000000 000000171e8fbfc0
0x000000171e8fbf80:   0000013b91f00790 0000013bb2f5a778
0x000000171e8fbf90:   000000171e8fbfe0 000000171e8fbfa0
0x000000171e8fbfa0:   0000013babfc9690 0000013b00000400
0x000000171e8fbfb0:   0000013bb2ef2020 0000013b00000000
0x000000171e8fbfc0:   00007ffc00000100 0000013bb79e0f90
0x000000171e8fbfd0:   00000a9c00000100 0000013babfc9690
0x000000171e8fbfe0:   0000013bb7f7c540 0000013bb7f83480
0x000000171e8fbff0:   0000013bb7f7a050 0000013babfc9690
0x000000171e8fc000:   0000013babfc9690 0000013b00000004
0x000000171e8fc010:   0000013bb49a3c78 00007ffc00000000
0x000000171e8fc020:   0000013bb5500101 0000000000000000
0x000000171e8fc030:   0000000000000000 0000000000010010
0x000000171e8fc040:   0000000000000001 0000000000000000
0x000000171e8fc050:   00000a9c8539a6fb 0000013b90270000
0x000000171e8fc060:   0000000000000006 0000013bb511a700
0x000000171e8fc070:   000000171e8fc0e0 00007ffc973faff6
0x000000171e8fc080:   000000171e8fc188 0000013babf82060
0x000000171e8fc090:   00000a9c8539b4ab 00007ffc97481115
0x000000171e8fc0a0:   000000171e8fc170 00007ffc9787320f
0x000000171e8fc0b0:   0000013babfcea40 00007ffc9760c3bc
0x000000171e8fc0c0:   000000171e8fc160 0000013bb550aa28
0x000000171e8fc0d0:   0000013bb1e05650 00007ffc9787317a
0x000000171e8fc0e0:   0000013bb3772f28 0000013bb57c24a0 

Instructions: (pc=0x00007ffc9766c34f)
0x00007ffc9766c24f:   75 13 49 8b 4e 38 48 8b d6 48 8b 89 68 09 00 00
0x00007ffc9766c25f:   e8 3c 17 ac ff 48 8b c6 48 8b 5c 24 30 48 8b 6c
0x00007ffc9766c26f:   24 38 48 8b 74 24 40 48 8b 7c 24 48 48 83 c4 20
0x00007ffc9766c27f:   41 5e c3 8b 46 30 c1 e8 04 a8 01 75 d8 48 8b d6
0x00007ffc9766c28f:   49 8b ce e8 09 76 fd ff 48 85 c0 74 c8 4c 8b c0
0x00007ffc9766c29f:   48 8b d6 49 8b ce e8 36 15 00 00 48 85 c0 75 b5
0x00007ffc9766c2af:   48 8b d6 49 8b ce e8 a6 eb ff ff 48 85 c0 75 a8
0x00007ffc9766c2bf:   83 fb 17 75 10 48 8b d6 49 8b ce e8 f1 9b ff ff
0x00007ffc9766c2cf:   48 85 c0 75 93 8b 46 2c 83 e0 1f 3c 14 75 5a 49
0x00007ffc9766c2df:   8b 56 38 4d 8b c6 48 8b ce e8 83 7f bc ff 48 8b
0x00007ffc9766c2ef:   e8 48 85 c0 74 43 49 8b 3e 48 8b d6 49 8b ce e8
0x00007ffc9766c2ff:   9d 75 fd ff 48 8b d5 49 8b ce 48 8b d8 e8 8f 75
0x00007ffc9766c30f:   fd ff 48 8b d0 4c 8b c3 49 8b ce ff 57 08 84 c0
0x00007ffc9766c31f:   74 17 49 8b 4e 38 4c 8b c5 48 8b d6 e8 10 17 ac
0x00007ffc9766c32f:   ff 48 8b c5 e9 2f ff ff ff 48 8b d6 49 8b ce e8
0x00007ffc9766c33f:   fd c1 ff ff 48 8b f8 48 85 c0 0f 84 15 ff ff ff
0x00007ffc9766c34f:   8b 40 2c 8b c8 81 e1 ff 03 00 00 81 f9 60 03 00
0x00007ffc9766c35f:   00 74 0d 83 e0 7f 3c 60 75 17 f6 47 42 01 74 11
0x00007ffc9766c36f:   48 8b 06 48 8b ce ff 10 83 f8 17 0f 84 e4 fe ff
0x00007ffc9766c37f:   ff 8b 47 2c 25 ff 07 00 00 3d 60 05 00 00 75 11
0x00007ffc9766c38f:   48 8b 06 48 8b ce ff 10 83 f8 18 0f 84 c4 fe ff
0x00007ffc9766c39f:   ff 8b 47 2c 25 ff 01 00 00 3d 60 01 00 00 75 3f
0x00007ffc9766c3af:   48 8b 07 48 8b cf ff 90 e0 00 00 00 33 db 48 8b
0x00007ffc9766c3bf:   ce 83 f8 0a 48 8b 06 0f 95 c3 81 c3 b9 00 00 00
0x00007ffc9766c3cf:   ff 10 3b c3 75 19 48 8b 46 08 48 8b cf 48 8b 58
0x00007ffc9766c3df:   08 e8 0b fe bc ff 48 3b d8 0f 84 76 fe ff ff 48
0x00007ffc9766c3ef:   8b 46 08 48 83 38 00 74 44 48 8b d7 49 8b ce e8
0x00007ffc9766c3ff:   8d 75 fd ff 48 8b 4e 08 4c 8b c0 48 8b 11 49 8b
0x00007ffc9766c40f:   ce e8 bb d8 fe ff 48 8b d0 48 85 c0 74 12 8b 48
0x00007ffc9766c41f:   2c 83 e1 07 80 f9 05 75 07 48 8b 40 08 48 8b 10
0x00007ffc9766c42f:   48 8b 46 08 48 3b 10 0f 85 28 fe ff ff 44 8b 4f
0x00007ffc9766c43f:   18 8b 47 2c 41 c1 e9 02 25 ff 01 00 00 3d 60 01 


Stack slot to memory mapping:

stack at sp + 0 slots: 0x0000000000000113 is an unknown value
stack at sp + 1 slots: 0x0000000000000056 is an unknown value
stack at sp + 2 slots: 0x0000013bb4e43d10 points into unknown readable memory: 0x00007ffc97982158 | 58 21 98 97 fc 7f 00 00
stack at sp + 3 slots: 0x0000000000000006 is an unknown value
stack at sp + 4 slots: 0x0000000000000003 is an unknown value
stack at sp + 5 slots: 0x00007ffc9766bd04 jvm.dll
stack at sp + 6 slots: 0x000000171e8fbfe0 is pointing into the stack for thread: 0x0000013babfcea40
stack at sp + 7 slots: 0x0000000000000056 is an unknown value


---------------  P R O C E S S  ---------------

Threads class SMR info:
_java_thread_list=0x0000013bb6b98af0, length=86, elements={
0x0000013b902a65f0, 0x0000013babfb2280, 0x0000013babfb4df0, 0x0000013babfb8000,
0x0000013babfcd970, 0x0000013babfcffd0, 0x0000013babfce3d0, 0x0000013babfcea40,
0x0000013babfcf4e0, 0x0000013bac0ba1d0, 0x0000013bac1bd6a0, 0x0000013bac1ea590,
0x0000013bac638380, 0x0000013bb13934b0, 0x0000013bb264c940, 0x0000013bb2542d40,
0x0000013bb25f08c0, 0x0000013bb27fec70, 0x0000013bb26d0320, 0x0000013bb275b040,
0x0000013bb25698b0, 0x0000013bb28354b0, 0x0000013bb2834100, 0x0000013bb2834e20,
0x0000013bb28333e0, 0x0000013bb2832030, 0x0000013bb28326c0, 0x0000013bb2833a70,
0x0000013bb2832d50, 0x0000013bb5bc2360, 0x0000013bb5bc1640, 0x0000013bb5bbf570,
0x0000013bb5bc1cd0, 0x0000013bb5bbfc00, 0x0000013bb5bc0fb0, 0x0000013bb5bc29f0,
0x0000013bb5bc0290, 0x0000013bb5bc0920, 0x0000013bb5bc5e70, 0x0000013bb5bc4430,
0x0000013bb5bc3080, 0x0000013bb5bc3710, 0x0000013bb5bc6b90, 0x0000013bb5bc6500,
0x0000013bb5bc57e0, 0x0000013bb5bc4ac0, 0x0000013bb5bc3da0, 0x0000013bb5bc5150,
0x0000013bb50b4e30, 0x0000013bb50b47a0, 0x0000013bb50b6870, 0x0000013bb50b6f00,
0x0000013bb50b54c0, 0x0000013bb50b4110, 0x0000013bb50b5b50, 0x0000013bb50b61e0,
0x0000013bb50b3a80, 0x0000013bb50b8940, 0x0000013bb50b8fd0, 0x0000013bb50ba380,
0x0000013bb50bb0a0, 0x0000013bb50b82b0, 0x0000013bb57a4b20, 0x0000013bb57a51b0,
0x0000013bb57a5840, 0x0000013bb57a3e00, 0x0000013bb57a5ed0, 0x0000013bb57a6560,
0x0000013bb57a6bf0, 0x0000013bb57a7280, 0x0000013bb57a7910, 0x0000013bb57a4490,
0x0000013bb57a7fa0, 0x0000013bb57aa700, 0x0000013bb57a8630, 0x0000013bb57a9350,
0x0000013bb57ab420, 0x0000013bb57aad90, 0x0000013bb57a8cc0, 0x0000013bb57a99e0,
0x0000013bb57aa070, 0x0000013bb35a0e00, 0x0000013bb35a3560, 0x0000013bb35a3bf0,
0x0000013bb5da3f40, 0x0000013bb6b83810
}

Java Threads: ( => current thread )
  0x0000013b902a65f0 JavaThread "main"                              [_thread_blocked, id=31268, stack(0x000000171da00000,0x000000171db00000) (1024K)]
  0x0000013babfb2280 JavaThread "Reference Handler"          daemon [_thread_blocked, id=18712, stack(0x000000171e200000,0x000000171e300000) (1024K)]
  0x0000013babfb4df0 JavaThread "Finalizer"                  daemon [_thread_blocked, id=28524, stack(0x000000171e300000,0x000000171e400000) (1024K)]
  0x0000013babfb8000 JavaThread "Signal Dispatcher"          daemon [_thread_blocked, id=22036, stack(0x000000171e400000,0x000000171e500000) (1024K)]
  0x0000013babfcd970 JavaThread "Attach Listener"            daemon [_thread_blocked, id=6900, stack(0x000000171e500000,0x000000171e600000) (1024K)]
  0x0000013babfcffd0 JavaThread "Service Thread"             daemon [_thread_blocked, id=33804, stack(0x000000171e600000,0x000000171e700000) (1024K)]
  0x0000013babfce3d0 JavaThread "Monitor Deflation Thread"   daemon [_thread_blocked, id=36284, stack(0x000000171e700000,0x000000171e800000) (1024K)]
=>0x0000013babfcea40 JavaThread "C2 CompilerThread0"         daemon [_thread_in_native, id=36344, stack(0x000000171e800000,0x000000171e900000) (1024K)]
  0x0000013babfcf4e0 JavaThread "C1 CompilerThread0"         daemon [_thread_blocked, id=47848, stack(0x000000171e900000,0x000000171ea00000) (1024K)]
  0x0000013bac0ba1d0 JavaThread "C1 CompilerThread1"         daemon [_thread_blocked, id=37084, stack(0x000000171ea00000,0x000000171eb00000) (1024K)]
  0x0000013bac1bd6a0 JavaThread "Common-Cleaner"             daemon [_thread_blocked, id=34920, stack(0x000000171eb00000,0x000000171ec00000) (1024K)]
  0x0000013bac1ea590 JavaThread "C1 CompilerThread2"         daemon [_thread_blocked, id=12424, stack(0x000000171ec00000,0x000000171ed00000) (1024K)]
  0x0000013bac638380 JavaThread "Notification Thread"        daemon [_thread_blocked, id=41476, stack(0x000000171ed00000,0x000000171ee00000) (1024K)]
  0x0000013bb13934b0 JavaThread "C1 CompilerThread3"         daemon [_thread_blocked, id=43744, stack(0x000000171ee00000,0x000000171ef00000) (1024K)]
  0x0000013bb264c940 JavaThread "C1 CompilerThread4"         daemon [_thread_blocked, id=45288, stack(0x000000171f600000,0x000000171f700000) (1024K)]
  0x0000013bb2542d40 JavaThread "Daemon health stats"               [_thread_blocked, id=34684, stack(0x000000171f700000,0x000000171f800000) (1024K)]
  0x0000013bb25f08c0 JavaThread "Incoming local TCP Connector on port 57530"        [_thread_in_native, id=40024, stack(0x000000171f800000,0x000000171f900000) (1024K)]
  0x0000013bb27fec70 JavaThread "Daemon periodic checks"            [_thread_blocked, id=44792, stack(0x000000171f900000,0x000000171fa00000) (1024K)]
  0x0000013bb26d0320 JavaThread "Daemon"                            [_thread_blocked, id=34628, stack(0x000000171fa00000,0x000000171fb00000) (1024K)]
  0x0000013bb275b040 JavaThread "Handler for socket connection from /127.0.0.1:57530 to /127.0.0.1:57531"        [_thread_in_native, id=35884, stack(0x000000171fb00000,0x000000171fc00000) (1024K)]
  0x0000013bb25698b0 JavaThread "Cancel handler"                    [_thread_blocked, id=20004, stack(0x000000171fc00000,0x000000171fd00000) (1024K)]
  0x0000013bb28354b0 JavaThread "Daemon worker"                     [_thread_in_Java, id=30524, stack(0x000000171fd00000,0x000000171fe00000) (1024K)]
  0x0000013bb2834100 JavaThread "Asynchronous log dispatcher for DefaultDaemonConnection: socket connection from /127.0.0.1:57530 to /127.0.0.1:57531"        [_thread_blocked, id=27436, stack(0x000000171fe00000,0x000000171ff00000) (1024K)]
  0x0000013bb2834e20 JavaThread "Stdin handler"                     [_thread_blocked, id=25908, stack(0x000000171ff00000,0x0000001720000000) (1024K)]
  0x0000013bb28333e0 JavaThread "Daemon client event forwarder"        [_thread_blocked, id=34820, stack(0x0000001720000000,0x0000001720100000) (1024K)]
  0x0000013bb2832030 JavaThread "Cache worker for journal cache (C:\Users\Acer\.gradle\caches\journal-1)"        [_thread_blocked, id=48044, stack(0x0000001721600000,0x0000001721700000) (1024K)]
  0x0000013bb28326c0 JavaThread "File lock request listener"        [_thread_in_native, id=24344, stack(0x0000001721700000,0x0000001721800000) (1024K)]
  0x0000013bb2833a70 JavaThread "Cache worker for file hash cache (C:\Users\Acer\.gradle\caches\8.9\fileHashes)"        [_thread_blocked, id=25856, stack(0x0000001721800000,0x0000001721900000) (1024K)]
  0x0000013bb2832d50 JavaThread "Cache worker for file hash cache (D:\Android_LT_2025\.gradle\8.9\fileHashes)"        [_thread_blocked, id=43240, stack(0x0000001721a00000,0x0000001721b00000) (1024K)]
  0x0000013bb5bc2360 JavaThread "Cache worker for Build Output Cleanup Cache (D:\Android_LT_2025\.gradle\buildOutputCleanup)"        [_thread_blocked, id=29724, stack(0x0000001721b00000,0x0000001721c00000) (1024K)]
  0x0000013bb5bc1640 JavaThread "File watcher server"        daemon [_thread_in_native, id=41972, stack(0x0000001721c00000,0x0000001721d00000) (1024K)]
  0x0000013bb5bbf570 JavaThread "File watcher consumer"      daemon [_thread_blocked, id=48232, stack(0x0000001721d00000,0x0000001721e00000) (1024K)]
  0x0000013bb5bc1cd0 JavaThread "jar transforms"                    [_thread_blocked, id=30096, stack(0x0000001721e00000,0x0000001721f00000) (1024K)]
  0x0000013bb5bbfc00 JavaThread "jar transforms Thread 2"           [_thread_blocked, id=28244, stack(0x0000001721f00000,0x0000001722000000) (1024K)]
  0x0000013bb5bc0fb0 JavaThread "jar transforms Thread 3"           [_thread_blocked, id=39896, stack(0x0000001722000000,0x0000001722100000) (1024K)]
  0x0000013bb5bc29f0 JavaThread "jar transforms Thread 4"           [_thread_blocked, id=24240, stack(0x0000001722100000,0x0000001722200000) (1024K)]
  0x0000013bb5bc0290 JavaThread "jar transforms Thread 5"           [_thread_blocked, id=31356, stack(0x0000001722200000,0x0000001722300000) (1024K)]
  0x0000013bb5bc0920 JavaThread "jar transforms Thread 6"           [_thread_blocked, id=48816, stack(0x0000001722300000,0x0000001722400000) (1024K)]
  0x0000013bb5bc5e70 JavaThread "jar transforms Thread 7"           [_thread_blocked, id=27784, stack(0x0000001722400000,0x0000001722500000) (1024K)]
  0x0000013bb5bc4430 JavaThread "jar transforms Thread 8"           [_thread_blocked, id=50048, stack(0x0000001722500000,0x0000001722600000) (1024K)]
  0x0000013bb5bc3080 JavaThread "jar transforms Thread 9"           [_thread_blocked, id=45360, stack(0x0000001722600000,0x0000001722700000) (1024K)]
  0x0000013bb5bc3710 JavaThread "jar transforms Thread 10"          [_thread_blocked, id=27492, stack(0x0000001722700000,0x0000001722800000) (1024K)]
  0x0000013bb5bc6b90 JavaThread "jar transforms Thread 11"          [_thread_blocked, id=31860, stack(0x0000001722800000,0x0000001722900000) (1024K)]
  0x0000013bb5bc6500 JavaThread "jar transforms Thread 12"          [_thread_blocked, id=28056, stack(0x0000001722900000,0x0000001722a00000) (1024K)]
  0x0000013bb5bc57e0 JavaThread "jar transforms Thread 13"          [_thread_blocked, id=47252, stack(0x0000001722a00000,0x0000001722b00000) (1024K)]
  0x0000013bb5bc4ac0 JavaThread "jar transforms Thread 14"          [_thread_blocked, id=35932, stack(0x0000001722b00000,0x0000001722c00000) (1024K)]
  0x0000013bb5bc3da0 JavaThread "jar transforms Thread 15"          [_thread_blocked, id=37792, stack(0x0000001722c00000,0x0000001722d00000) (1024K)]
  0x0000013bb5bc5150 JavaThread "jar transforms Thread 16"          [_thread_blocked, id=41392, stack(0x0000001722d00000,0x0000001722e00000) (1024K)]
  0x0000013bb50b4e30 JavaThread "jar transforms Thread 17"          [_thread_blocked, id=35732, stack(0x0000001722e00000,0x0000001722f00000) (1024K)]
  0x0000013bb50b47a0 JavaThread "jar transforms Thread 18"          [_thread_blocked, id=28424, stack(0x0000001722f00000,0x0000001723000000) (1024K)]
  0x0000013bb50b6870 JavaThread "jar transforms Thread 19"          [_thread_blocked, id=43452, stack(0x0000001723000000,0x0000001723100000) (1024K)]
  0x0000013bb50b6f00 JavaThread "jar transforms Thread 20"          [_thread_blocked, id=22048, stack(0x0000001723100000,0x0000001723200000) (1024K)]
  0x0000013bb50b54c0 JavaThread "jar transforms Thread 21"          [_thread_blocked, id=48940, stack(0x0000001723200000,0x0000001723300000) (1024K)]
  0x0000013bb50b4110 JavaThread "Cache worker for checksums cache (D:\Android_LT_2025\.gradle\8.9\checksums)"        [_thread_blocked, id=38500, stack(0x000000171f000000,0x000000171f100000) (1024K)]
  0x0000013bb50b5b50 JavaThread "Cache worker for file content cache (C:\Users\Acer\.gradle\caches\8.9\fileContent)"        [_thread_blocked, id=24336, stack(0x0000001723300000,0x0000001723400000) (1024K)]
  0x0000013bb50b61e0 JavaThread "Cache worker for cache directory md-rule (C:\Users\Acer\.gradle\caches\8.9\md-rule)"        [_thread_blocked, id=37180, stack(0x0000001723400000,0x0000001723500000) (1024K)]
  0x0000013bb50b3a80 JavaThread "Cache worker for cache directory md-supplier (C:\Users\Acer\.gradle\caches\8.9\md-supplier)"        [_thread_blocked, id=49504, stack(0x0000001723500000,0x0000001723600000) (1024K)]
  0x0000013bb50b8940 JavaThread "jar transforms Thread 22"          [_thread_blocked, id=4908, stack(0x0000001723600000,0x0000001723700000) (1024K)]
  0x0000013bb50b8fd0 JavaThread "jar transforms Thread 23"          [_thread_blocked, id=48596, stack(0x0000001723700000,0x0000001723800000) (1024K)]
  0x0000013bb50ba380 JavaThread "jar transforms Thread 24"          [_thread_blocked, id=15300, stack(0x0000001723d00000,0x0000001723e00000) (1024K)]
  0x0000013bb50bb0a0 JavaThread "Unconstrained build operations"        [_thread_blocked, id=36924, stack(0x0000001723b00000,0x0000001723c00000) (1024K)]
  0x0000013bb50b82b0 JavaThread "Unconstrained build operations Thread 2"        [_thread_blocked, id=50064, stack(0x0000001723c00000,0x0000001723d00000) (1024K)]
  0x0000013bb57a4b20 JavaThread "Unconstrained build operations Thread 3"        [_thread_blocked, id=36028, stack(0x0000001723e00000,0x0000001723f00000) (1024K)]
  0x0000013bb57a51b0 JavaThread "Unconstrained build operations Thread 4"        [_thread_blocked, id=40504, stack(0x0000001723f00000,0x0000001724000000) (1024K)]
  0x0000013bb57a5840 JavaThread "jar transforms Thread 25"          [_thread_blocked, id=44680, stack(0x0000001724000000,0x0000001724100000) (1024K)]
  0x0000013bb57a3e00 JavaThread "jar transforms Thread 26"          [_thread_blocked, id=34988, stack(0x0000001723a00000,0x0000001723b00000) (1024K)]
  0x0000013bb57a5ed0 JavaThread "Unconstrained build operations Thread 5"        [_thread_blocked, id=49560, stack(0x0000001724100000,0x0000001724200000) (1024K)]
  0x0000013bb57a6560 JavaThread "Unconstrained build operations Thread 6"        [_thread_blocked, id=35628, stack(0x0000001724200000,0x0000001724300000) (1024K)]
  0x0000013bb57a6bf0 JavaThread "Unconstrained build operations Thread 7"        [_thread_blocked, id=13792, stack(0x0000001724300000,0x0000001724400000) (1024K)]
  0x0000013bb57a7280 JavaThread "Unconstrained build operations Thread 8"        [_thread_blocked, id=33596, stack(0x0000001724400000,0x0000001724500000) (1024K)]
  0x0000013bb57a7910 JavaThread "Unconstrained build operations Thread 9"        [_thread_blocked, id=48500, stack(0x0000001724500000,0x0000001724600000) (1024K)]
  0x0000013bb57a4490 JavaThread "Unconstrained build operations Thread 10"        [_thread_blocked, id=45440, stack(0x0000001724600000,0x0000001724700000) (1024K)]
  0x0000013bb57a7fa0 JavaThread "Unconstrained build operations Thread 11"        [_thread_blocked, id=6164, stack(0x0000001724700000,0x0000001724800000) (1024K)]
  0x0000013bb57aa700 JavaThread "Unconstrained build operations Thread 12"        [_thread_blocked, id=49768, stack(0x0000001724800000,0x0000001724900000) (1024K)]
  0x0000013bb57a8630 JavaThread "Unconstrained build operations Thread 13"        [_thread_blocked, id=20120, stack(0x0000001724900000,0x0000001724a00000) (1024K)]
  0x0000013bb57a9350 JavaThread "Unconstrained build operations Thread 14"        [_thread_blocked, id=50096, stack(0x0000001724a00000,0x0000001724b00000) (1024K)]
  0x0000013bb57ab420 JavaThread "Unconstrained build operations Thread 15"        [_thread_blocked, id=26124, stack(0x0000001724b00000,0x0000001724c00000) (1024K)]
  0x0000013bb57aad90 JavaThread "Unconstrained build operations Thread 16"        [_thread_blocked, id=19684, stack(0x0000001724c00000,0x0000001724d00000) (1024K)]
  0x0000013bb57a8cc0 JavaThread "Unconstrained build operations Thread 17"        [_thread_blocked, id=45824, stack(0x0000001724d00000,0x0000001724e00000) (1024K)]
  0x0000013bb57a99e0 JavaThread "Unconstrained build operations Thread 18"        [_thread_blocked, id=31412, stack(0x0000001724e00000,0x0000001724f00000) (1024K)]
  0x0000013bb57aa070 JavaThread "Unconstrained build operations Thread 19"        [_thread_blocked, id=40508, stack(0x0000001724f00000,0x0000001725000000) (1024K)]
  0x0000013bb35a0e00 JavaThread "Unconstrained build operations Thread 20"        [_thread_blocked, id=23568, stack(0x0000001725000000,0x0000001725100000) (1024K)]
  0x0000013bb35a3560 JavaThread "Unconstrained build operations Thread 21"        [_thread_blocked, id=32404, stack(0x0000001725100000,0x0000001725200000) (1024K)]
  0x0000013bb35a3bf0 JavaThread "jar transforms Thread 27"          [_thread_blocked, id=47408, stack(0x0000001725200000,0x0000001725300000) (1024K)]
  0x0000013bb5da3f40 JavaThread "C2 CompilerThread1"         daemon [_thread_blocked, id=43612, stack(0x000000171ef00000,0x000000171f000000) (1024K)]
  0x0000013bb6b83810 JavaThread "C2 CompilerThread2"         daemon [_thread_blocked, id=28696, stack(0x0000001723800000,0x0000001723900000) (1024K)]
Total: 86

Other Threads:
  0x0000013b9027eea0 VMThread "VM Thread"                           [id=21888, stack(0x000000171e100000,0x000000171e200000) (1024K)]
  0x0000013bab16b2a0 WatcherThread "VM Periodic Task Thread"        [id=29156, stack(0x000000171e000000,0x000000171e100000) (1024K)]
  0x0000013b9027e760 WorkerThread "GC Thread#0"                     [id=22520, stack(0x000000171db00000,0x000000171dc00000) (1024K)]
  0x0000013b9027f5e0 WorkerThread "GC Thread#1"                     [id=44172, stack(0x000000171f100000,0x000000171f200000) (1024K)]
  0x0000013b9027e3c0 WorkerThread "GC Thread#2"                     [id=30148, stack(0x000000171f200000,0x000000171f300000) (1024K)]
  0x0000013b9027f980 WorkerThread "GC Thread#3"                     [id=42732, stack(0x000000171f300000,0x000000171f400000) (1024K)]
  0x0000013bac6cdb40 WorkerThread "GC Thread#4"                     [id=20572, stack(0x000000171f400000,0x000000171f500000) (1024K)]
  0x0000013bac6ce9c0 WorkerThread "GC Thread#5"                     [id=13896, stack(0x000000171f500000,0x000000171f600000) (1024K)]
  0x0000013bac6cd400 WorkerThread "GC Thread#6"                     [id=22816, stack(0x0000001720100000,0x0000001720200000) (1024K)]
  0x0000013bac6ce280 WorkerThread "GC Thread#7"                     [id=32572, stack(0x0000001720200000,0x0000001720300000) (1024K)]
  0x0000013bac6ce620 WorkerThread "GC Thread#8"                     [id=40512, stack(0x0000001720300000,0x0000001720400000) (1024K)]
  0x0000013bac6cbaa0 WorkerThread "GC Thread#9"                     [id=45836, stack(0x0000001720400000,0x0000001720500000) (1024K)]
  0x0000013bac6cccc0 WorkerThread "GC Thread#10"                    [id=25048, stack(0x0000001720500000,0x0000001720600000) (1024K)]
  0x0000013bac6cf4a0 WorkerThread "GC Thread#11"                    [id=16560, stack(0x0000001720600000,0x0000001720700000) (1024K)]
  0x0000013bac6cbe40 WorkerThread "GC Thread#12"                    [id=49800, stack(0x0000001720700000,0x0000001720800000) (1024K)]
  0x0000013bac6cc920 WorkerThread "GC Thread#13"                    [id=47552, stack(0x0000001720800000,0x0000001720900000) (1024K)]
  0x0000013bac6cdee0 WorkerThread "GC Thread#14"                    [id=49788, stack(0x0000001720900000,0x0000001720a00000) (1024K)]
  0x0000013bac6cc1e0 WorkerThread "GC Thread#15"                    [id=44060, stack(0x0000001720a00000,0x0000001720b00000) (1024K)]
  0x0000013bac6ced60 WorkerThread "GC Thread#16"                    [id=7232, stack(0x0000001720b00000,0x0000001720c00000) (1024K)]
  0x0000013bac6cf100 WorkerThread "GC Thread#17"                    [id=45652, stack(0x0000001720c00000,0x0000001720d00000) (1024K)]
  0x0000013bac6cc580 WorkerThread "GC Thread#18"                    [id=45668, stack(0x0000001720d00000,0x0000001720e00000) (1024K)]
  0x0000013bb27294c0 WorkerThread "GC Thread#19"                    [id=48644, stack(0x0000001720e00000,0x0000001720f00000) (1024K)]
  0x0000013bb27282a0 WorkerThread "GC Thread#20"                    [id=34208, stack(0x0000001720f00000,0x0000001721000000) (1024K)]
  0x0000013bb2729120 WorkerThread "GC Thread#21"                    [id=30388, stack(0x0000001721000000,0x0000001721100000) (1024K)]
  0x0000013bb2728d80 WorkerThread "GC Thread#22"                    [id=49488, stack(0x0000001721900000,0x0000001721a00000) (1024K)]
  0x0000013b91f66710 ConcurrentGCThread "G1 Main Marker"            [id=31168, stack(0x000000171dc00000,0x000000171dd00000) (1024K)]
  0x0000013b9027eb00 WorkerThread "G1 Conc#0"                       [id=18616, stack(0x000000171dd00000,0x000000171de00000) (1024K)]
  0x0000013bb2729fa0 WorkerThread "G1 Conc#1"                       [id=45460, stack(0x0000001721100000,0x0000001721200000) (1024K)]
  0x0000013bb2727b60 WorkerThread "G1 Conc#2"                       [id=15716, stack(0x0000001721200000,0x0000001721300000) (1024K)]
  0x0000013bb272aa80 WorkerThread "G1 Conc#3"                       [id=31120, stack(0x0000001721300000,0x0000001721400000) (1024K)]
  0x0000013bb2727f00 WorkerThread "G1 Conc#4"                       [id=15568, stack(0x0000001721400000,0x0000001721500000) (1024K)]
  0x0000013bb2729860 WorkerThread "G1 Conc#5"                       [id=26768, stack(0x0000001721500000,0x0000001721600000) (1024K)]
  0x0000013bab0b9940 ConcurrentGCThread "G1 Refine#0"               [id=29216, stack(0x000000171de00000,0x000000171df00000) (1024K)]
  0x0000013bab0ba160 ConcurrentGCThread "G1 Service"                [id=36008, stack(0x000000171df00000,0x000000171e000000) (1024K)]
Total: 34

Threads with active compile tasks:
C2 CompilerThread0     5536 7170       4       java.util.regex.Pattern::compile (537 bytes)
Total: 1

VM state: not at safepoint (normal execution)

VM Mutex/Monitor currently owned by a thread: None

Heap address: 0x0000000080000000, size: 2048 MB, Compressed Oops mode: 32-bit

CDS archive(s) not mapped
Compressed class space mapped at: 0x0000000100000000-0x0000000140000000, reserved size: 1073741824
Narrow klass base: 0x0000000000000000, Narrow klass shift: 3, Narrow klass range: 0x140000000

GC Precious Log:
 CardTable entry size: 512
 Card Set container configuration: InlinePtr #cards 5 size 8 Array Of Cards #cards 12 size 40 Howl #buckets 4 coarsen threshold 1843 Howl Bitmap #cards 512 size 80 coarsen threshold 460 Card regions per heap region 1 cards per card region 2048
 CPUs: 32 total, 32 available
 Memory: 16088M
 Large Page Support: Disabled
 NUMA Support: Disabled
 Compressed Oops: Enabled (32-bit)
 Heap Region Size: 1M
 Heap Min Capacity: 8M
 Heap Initial Capacity: 252M
 Heap Max Capacity: 2G
 Pre-touch: Disabled
 Parallel Workers: 23
 Concurrent Workers: 6
 Concurrent Refinement Workers: 23
 Periodic GC: Disabled

Heap:
 garbage-first heap   total 155648K, used 121442K [0x0000000080000000, 0x0000000100000000)
  region size 1024K, 47 young (48128K), 4 survivors (4096K)
 Metaspace       used 71669K, committed 73536K, reserved 1114112K
  class space    used 9881K, committed 10816K, reserved 1048576K

Heap Regions: E=young(eden), S=young(survivor), O=old, HS=humongous(starts), HC=humongous(continues), CS=collection set, F=free, TAMS=top-at-mark-start, PB=parsable bottom
|   0|0x0000000080000000, 0x0000000080100000, 0x0000000080100000|100%|HS|  |TAMS 0x0000000080000000| PB 0x0000000080000000| Complete 
|   1|0x0000000080100000, 0x0000000080200000, 0x0000000080200000|100%|HC|  |TAMS 0x0000000080100000| PB 0x0000000080100000| Complete 
|   2|0x0000000080200000, 0x0000000080300000, 0x0000000080300000|100%|HC|  |TAMS 0x0000000080200000| PB 0x0000000080200000| Complete 
|   3|0x0000000080300000, 0x0000000080400000, 0x0000000080400000|100%|HC|  |TAMS 0x0000000080300000| PB 0x0000000080300000| Complete 
|   4|0x0000000080400000, 0x0000000080500000, 0x0000000080500000|100%| O|  |TAMS 0x0000000080400000| PB 0x0000000080400000| Untracked 
|   5|0x0000000080500000, 0x0000000080600000, 0x0000000080600000|100%| O|  |TAMS 0x0000000080500000| PB 0x0000000080500000| Untracked 
|   6|0x0000000080600000, 0x0000000080700000, 0x0000000080700000|100%| O|  |TAMS 0x0000000080600000| PB 0x0000000080600000| Untracked 
|   7|0x0000000080700000, 0x0000000080800000, 0x0000000080800000|100%| O|  |TAMS 0x0000000080700000| PB 0x0000000080700000| Untracked 
|   8|0x0000000080800000, 0x0000000080900000, 0x0000000080900000|100%| O|  |TAMS 0x0000000080800000| PB 0x0000000080800000| Untracked 
|   9|0x0000000080900000, 0x0000000080a00000, 0x0000000080a00000|100%| O|  |TAMS 0x0000000080900000| PB 0x0000000080900000| Untracked 
|  10|0x0000000080a00000, 0x0000000080b00000, 0x0000000080b00000|100%| O|  |TAMS 0x0000000080a00000| PB 0x0000000080a00000| Untracked 
|  11|0x0000000080b00000, 0x0000000080c00000, 0x0000000080c00000|100%|HS|  |TAMS 0x0000000080b00000| PB 0x0000000080b00000| Complete 
|  12|0x0000000080c00000, 0x0000000080d00000, 0x0000000080d00000|100%|HS|  |TAMS 0x0000000080c00000| PB 0x0000000080c00000| Complete 
|  13|0x0000000080d00000, 0x0000000080e00000, 0x0000000080e00000|100%|HC|  |TAMS 0x0000000080d00000| PB 0x0000000080d00000| Complete 
|  14|0x0000000080e00000, 0x0000000080f00000, 0x0000000080f00000|100%|HC|  |TAMS 0x0000000080e00000| PB 0x0000000080e00000| Complete 
|  15|0x0000000080f00000, 0x0000000081000000, 0x0000000081000000|100%|HC|  |TAMS 0x0000000080f00000| PB 0x0000000080f00000| Complete 
|  16|0x0000000081000000, 0x0000000081100000, 0x0000000081100000|100%|HC|  |TAMS 0x0000000081000000| PB 0x0000000081000000| Complete 
|  17|0x0000000081100000, 0x0000000081200000, 0x0000000081200000|100%|HC|  |TAMS 0x0000000081100000| PB 0x0000000081100000| Complete 
|  18|0x0000000081200000, 0x0000000081300000, 0x0000000081300000|100%|HS|  |TAMS 0x0000000081200000| PB 0x0000000081200000| Complete 
|  19|0x0000000081300000, 0x0000000081400000, 0x0000000081400000|100%|HC|  |TAMS 0x0000000081300000| PB 0x0000000081300000| Complete 
|  20|0x0000000081400000, 0x0000000081500000, 0x0000000081500000|100%|HC|  |TAMS 0x0000000081400000| PB 0x0000000081400000| Complete 
|  21|0x0000000081500000, 0x0000000081600000, 0x0000000081600000|100%|HS|  |TAMS 0x0000000081500000| PB 0x0000000081500000| Complete 
|  22|0x0000000081600000, 0x0000000081700000, 0x0000000081700000|100%|HC|  |TAMS 0x0000000081600000| PB 0x0000000081600000| Complete 
|  23|0x0000000081700000, 0x0000000081800000, 0x0000000081800000|100%| O|  |TAMS 0x0000000081700000| PB 0x0000000081700000| Untracked 
|  24|0x0000000081800000, 0x0000000081900000, 0x0000000081900000|100%| O|  |TAMS 0x0000000081800000| PB 0x0000000081800000| Untracked 
|  25|0x0000000081900000, 0x0000000081a00000, 0x0000000081a00000|100%| O|  |TAMS 0x0000000081900000| PB 0x0000000081900000| Untracked 
|  26|0x0000000081a00000, 0x0000000081b00000, 0x0000000081b00000|100%| O|  |TAMS 0x0000000081a00000| PB 0x0000000081a00000| Untracked 
|  27|0x0000000081b00000, 0x0000000081c00000, 0x0000000081c00000|100%| O|  |TAMS 0x0000000081b00000| PB 0x0000000081b00000| Untracked 
|  28|0x0000000081c00000, 0x0000000081d00000, 0x0000000081d00000|100%| O|  |TAMS 0x0000000081c00000| PB 0x0000000081c00000| Untracked 
|  29|0x0000000081d00000, 0x0000000081e00000, 0x0000000081e00000|100%|HS|  |TAMS 0x0000000081d00000| PB 0x0000000081d00000| Complete 
|  30|0x0000000081e00000, 0x0000000081f00000, 0x0000000081f00000|100%|HS|  |TAMS 0x0000000081e00000| PB 0x0000000081e00000| Complete 
|  31|0x0000000081f00000, 0x0000000082000000, 0x0000000082000000|100%|HC|  |TAMS 0x0000000081f00000| PB 0x0000000081f00000| Complete 
|  32|0x0000000082000000, 0x0000000082100000, 0x0000000082100000|100%| O|  |TAMS 0x0000000082000000| PB 0x0000000082000000| Untracked 
|  33|0x0000000082100000, 0x0000000082200000, 0x0000000082200000|100%| O|  |TAMS 0x0000000082100000| PB 0x0000000082100000| Untracked 
|  34|0x0000000082200000, 0x0000000082300000, 0x0000000082300000|100%| O|  |TAMS 0x0000000082200000| PB 0x0000000082200000| Untracked 
|  35|0x0000000082300000, 0x0000000082400000, 0x0000000082400000|100%| O|  |TAMS 0x0000000082300000| PB 0x0000000082300000| Untracked 
|  36|0x0000000082400000, 0x0000000082500000, 0x0000000082500000|100%| O|  |TAMS 0x0000000082400000| PB 0x0000000082400000| Untracked 
|  37|0x0000000082500000, 0x0000000082600000, 0x0000000082600000|100%| O|  |TAMS 0x0000000082500000| PB 0x0000000082500000| Untracked 
|  38|0x0000000082600000, 0x0000000082700000, 0x0000000082700000|100%| O|  |TAMS 0x0000000082600000| PB 0x0000000082600000| Untracked 
|  39|0x0000000082700000, 0x0000000082800000, 0x0000000082800000|100%| O|  |TAMS 0x0000000082700000| PB 0x0000000082700000| Untracked 
|  40|0x0000000082800000, 0x0000000082900000, 0x0000000082900000|100%| O|  |TAMS 0x0000000082800000| PB 0x0000000082800000| Untracked 
|  41|0x0000000082900000, 0x0000000082a00000, 0x0000000082a00000|100%| O|  |TAMS 0x0000000082900000| PB 0x0000000082900000| Untracked 
|  42|0x0000000082a00000, 0x0000000082b00000, 0x0000000082b00000|100%| O|  |TAMS 0x0000000082a00000| PB 0x0000000082a00000| Untracked 
|  43|0x0000000082b00000, 0x0000000082c00000, 0x0000000082c00000|100%| O|  |TAMS 0x0000000082b00000| PB 0x0000000082b00000| Untracked 
|  44|0x0000000082c00000, 0x0000000082d00000, 0x0000000082d00000|100%| O|  |TAMS 0x0000000082c00000| PB 0x0000000082c00000| Untracked 
|  45|0x0000000082d00000, 0x0000000082e00000, 0x0000000082e00000|100%| O|  |TAMS 0x0000000082d00000| PB 0x0000000082d00000| Untracked 
|  46|0x0000000082e00000, 0x0000000082e00000, 0x0000000082f00000|  0%| F|  |TAMS 0x0000000082e00000| PB 0x0000000082e00000| Untracked 
|  47|0x0000000082f00000, 0x0000000083000000, 0x0000000083000000|100%| O|  |TAMS 0x0000000082f00000| PB 0x0000000082f00000| Untracked 
|  48|0x0000000083000000, 0x0000000083100000, 0x0000000083100000|100%| O|  |TAMS 0x0000000083000000| PB 0x0000000083000000| Untracked 
|  49|0x0000000083100000, 0x0000000083100000, 0x0000000083200000|  0%| F|  |TAMS 0x0000000083100000| PB 0x0000000083100000| Untracked 
|  50|0x0000000083200000, 0x0000000083300000, 0x0000000083300000|100%| O|  |TAMS 0x0000000083200000| PB 0x0000000083200000| Untracked 
|  51|0x0000000083300000, 0x0000000083400000, 0x0000000083400000|100%| O|  |TAMS 0x0000000083300000| PB 0x0000000083300000| Untracked 
|  52|0x0000000083400000, 0x0000000083400000, 0x0000000083500000|  0%| F|  |TAMS 0x0000000083400000| PB 0x0000000083400000| Untracked 
|  53|0x0000000083500000, 0x0000000083500000, 0x0000000083600000|  0%| F|  |TAMS 0x0000000083500000| PB 0x0000000083500000| Untracked 
|  54|0x0000000083600000, 0x0000000083700000, 0x0000000083700000|100%| O|  |TAMS 0x0000000083600000| PB 0x0000000083600000| Untracked 
|  55|0x0000000083700000, 0x0000000083800000, 0x0000000083800000|100%| O|  |TAMS 0x0000000083700000| PB 0x0000000083700000| Untracked 
|  56|0x0000000083800000, 0x0000000083900000, 0x0000000083900000|100%| O|  |TAMS 0x0000000083800000| PB 0x0000000083800000| Untracked 
|  57|0x0000000083900000, 0x0000000083a00000, 0x0000000083a00000|100%|HS|  |TAMS 0x0000000083900000| PB 0x0000000083900000| Complete 
|  58|0x0000000083a00000, 0x0000000083b00000, 0x0000000083b00000|100%|HC|  |TAMS 0x0000000083a00000| PB 0x0000000083a00000| Complete 
|  59|0x0000000083b00000, 0x0000000083c00000, 0x0000000083c00000|100%|HC|  |TAMS 0x0000000083b00000| PB 0x0000000083b00000| Complete 
|  60|0x0000000083c00000, 0x0000000083d00000, 0x0000000083d00000|100%|HC|  |TAMS 0x0000000083c00000| PB 0x0000000083c00000| Complete 
|  61|0x0000000083d00000, 0x0000000083e00000, 0x0000000083e00000|100%|HC|  |TAMS 0x0000000083d00000| PB 0x0000000083d00000| Complete 
|  62|0x0000000083e00000, 0x0000000083f00000, 0x0000000083f00000|100%|HC|  |TAMS 0x0000000083e00000| PB 0x0000000083e00000| Complete 
|  63|0x0000000083f00000, 0x0000000084000000, 0x0000000084000000|100%|HS|  |TAMS 0x0000000083f00000| PB 0x0000000083f00000| Complete 
|  64|0x0000000084000000, 0x0000000084100000, 0x0000000084100000|100%|HC|  |TAMS 0x0000000084000000| PB 0x0000000084000000| Complete 
|  65|0x0000000084100000, 0x0000000084200000, 0x0000000084200000|100%|HC|  |TAMS 0x0000000084100000| PB 0x0000000084100000| Complete 
|  66|0x0000000084200000, 0x0000000084300000, 0x0000000084300000|100%|HC|  |TAMS 0x0000000084200000| PB 0x0000000084200000| Complete 
|  67|0x0000000084300000, 0x0000000084400000, 0x0000000084400000|100%|HC|  |TAMS 0x0000000084300000| PB 0x0000000084300000| Complete 
|  68|0x0000000084400000, 0x0000000084500000, 0x0000000084500000|100%|HC|  |TAMS 0x0000000084400000| PB 0x0000000084400000| Complete 
|  69|0x0000000084500000, 0x0000000084600000, 0x0000000084600000|100%| O|  |TAMS 0x0000000084500000| PB 0x0000000084500000| Untracked 
|  70|0x0000000084600000, 0x00000000846495a8, 0x0000000084700000| 28%| O|  |TAMS 0x0000000084600000| PB 0x0000000084600000| Untracked 
|  71|0x0000000084700000, 0x0000000084700000, 0x0000000084800000|  0%| F|  |TAMS 0x0000000084700000| PB 0x0000000084700000| Untracked 
|  72|0x0000000084800000, 0x0000000084800000, 0x0000000084900000|  0%| F|  |TAMS 0x0000000084800000| PB 0x0000000084800000| Untracked 
|  73|0x0000000084900000, 0x0000000084900000, 0x0000000084a00000|  0%| F|  |TAMS 0x0000000084900000| PB 0x0000000084900000| Untracked 
|  74|0x0000000084a00000, 0x0000000084a00000, 0x0000000084b00000|  0%| F|  |TAMS 0x0000000084a00000| PB 0x0000000084a00000| Untracked 
|  75|0x0000000084b00000, 0x0000000084b00000, 0x0000000084c00000|  0%| F|  |TAMS 0x0000000084b00000| PB 0x0000000084b00000| Untracked 
|  76|0x0000000084c00000, 0x0000000084c4f290, 0x0000000084d00000| 30%| S|CS|TAMS 0x0000000084c00000| PB 0x0000000084c00000| Complete 
|  77|0x0000000084d00000, 0x0000000084e00000, 0x0000000084e00000|100%| S|CS|TAMS 0x0000000084d00000| PB 0x0000000084d00000| Complete 
|  78|0x0000000084e00000, 0x0000000084f00000, 0x0000000084f00000|100%| S|CS|TAMS 0x0000000084e00000| PB 0x0000000084e00000| Complete 
|  79|0x0000000084f00000, 0x0000000085000000, 0x0000000085000000|100%| S|CS|TAMS 0x0000000084f00000| PB 0x0000000084f00000| Complete 
|  80|0x0000000085000000, 0x0000000085000000, 0x0000000085100000|  0%| F|  |TAMS 0x0000000085000000| PB 0x0000000085000000| Untracked 
|  81|0x0000000085100000, 0x0000000085100000, 0x0000000085200000|  0%| F|  |TAMS 0x0000000085100000| PB 0x0000000085100000| Untracked 
|  82|0x0000000085200000, 0x0000000085200000, 0x0000000085300000|  0%| F|  |TAMS 0x0000000085200000| PB 0x0000000085200000| Untracked 
|  83|0x0000000085300000, 0x0000000085300000, 0x0000000085400000|  0%| F|  |TAMS 0x0000000085300000| PB 0x0000000085300000| Untracked 
|  84|0x0000000085400000, 0x0000000085400000, 0x0000000085500000|  0%| F|  |TAMS 0x0000000085400000| PB 0x0000000085400000| Untracked 
|  85|0x0000000085500000, 0x0000000085500000, 0x0000000085600000|  0%| F|  |TAMS 0x0000000085500000| PB 0x0000000085500000| Untracked 
|  86|0x0000000085600000, 0x0000000085600000, 0x0000000085700000|  0%| F|  |TAMS 0x0000000085600000| PB 0x0000000085600000| Untracked 
|  87|0x0000000085700000, 0x0000000085700000, 0x0000000085800000|  0%| F|  |TAMS 0x0000000085700000| PB 0x0000000085700000| Untracked 
|  88|0x0000000085800000, 0x0000000085800000, 0x0000000085900000|  0%| F|  |TAMS 0x0000000085800000| PB 0x0000000085800000| Untracked 
|  89|0x0000000085900000, 0x0000000085900000, 0x0000000085a00000|  0%| F|  |TAMS 0x0000000085900000| PB 0x0000000085900000| Untracked 
|  90|0x0000000085a00000, 0x0000000085a00000, 0x0000000085b00000|  0%| F|  |TAMS 0x0000000085a00000| PB 0x0000000085a00000| Untracked 
|  91|0x0000000085b00000, 0x0000000085b00000, 0x0000000085c00000|  0%| F|  |TAMS 0x0000000085b00000| PB 0x0000000085b00000| Untracked 
|  92|0x0000000085c00000, 0x0000000085c00000, 0x0000000085d00000|  0%| F|  |TAMS 0x0000000085c00000| PB 0x0000000085c00000| Untracked 
|  93|0x0000000085d00000, 0x0000000085d00000, 0x0000000085e00000|  0%| F|  |TAMS 0x0000000085d00000| PB 0x0000000085d00000| Untracked 
|  94|0x0000000085e00000, 0x0000000085e00000, 0x0000000085f00000|  0%| F|  |TAMS 0x0000000085e00000| PB 0x0000000085e00000| Untracked 
|  95|0x0000000085f00000, 0x0000000085f00000, 0x0000000086000000|  0%| F|  |TAMS 0x0000000085f00000| PB 0x0000000085f00000| Untracked 
|  96|0x0000000086000000, 0x0000000086000000, 0x0000000086100000|  0%| F|  |TAMS 0x0000000086000000| PB 0x0000000086000000| Untracked 
|  97|0x0000000086100000, 0x0000000086100000, 0x0000000086200000|  0%| F|  |TAMS 0x0000000086100000| PB 0x0000000086100000| Untracked 
|  98|0x0000000086200000, 0x0000000086200000, 0x0000000086300000|  0%| F|  |TAMS 0x0000000086200000| PB 0x0000000086200000| Untracked 
|  99|0x0000000086300000, 0x0000000086300000, 0x0000000086400000|  0%| F|  |TAMS 0x0000000086300000| PB 0x0000000086300000| Untracked 
| 100|0x0000000086400000, 0x0000000086400000, 0x0000000086500000|  0%| F|  |TAMS 0x0000000086400000| PB 0x0000000086400000| Untracked 
| 101|0x0000000086500000, 0x0000000086580c10, 0x0000000086600000| 50%| E|  |TAMS 0x0000000086500000| PB 0x0000000086500000| Complete 
| 102|0x0000000086600000, 0x0000000086700000, 0x0000000086700000|100%| E|CS|TAMS 0x0000000086600000| PB 0x0000000086600000| Complete 
| 103|0x0000000086700000, 0x0000000086800000, 0x0000000086800000|100%| E|CS|TAMS 0x0000000086700000| PB 0x0000000086700000| Complete 
| 104|0x0000000086800000, 0x0000000086900000, 0x0000000086900000|100%| E|CS|TAMS 0x0000000086800000| PB 0x0000000086800000| Complete 
| 105|0x0000000086900000, 0x0000000086a00000, 0x0000000086a00000|100%| E|CS|TAMS 0x0000000086900000| PB 0x0000000086900000| Complete 
| 106|0x0000000086a00000, 0x0000000086b00000, 0x0000000086b00000|100%| E|CS|TAMS 0x0000000086a00000| PB 0x0000000086a00000| Complete 
| 107|0x0000000086b00000, 0x0000000086c00000, 0x0000000086c00000|100%| E|CS|TAMS 0x0000000086b00000| PB 0x0000000086b00000| Complete 
| 108|0x0000000086c00000, 0x0000000086d00000, 0x0000000086d00000|100%| E|CS|TAMS 0x0000000086c00000| PB 0x0000000086c00000| Complete 
| 109|0x0000000086d00000, 0x0000000086e00000, 0x0000000086e00000|100%| E|CS|TAMS 0x0000000086d00000| PB 0x0000000086d00000| Complete 
| 110|0x0000000086e00000, 0x0000000086f00000, 0x0000000086f00000|100%| E|CS|TAMS 0x0000000086e00000| PB 0x0000000086e00000| Complete 
| 111|0x0000000086f00000, 0x0000000087000000, 0x0000000087000000|100%| E|CS|TAMS 0x0000000086f00000| PB 0x0000000086f00000| Complete 
| 112|0x0000000087000000, 0x0000000087100000, 0x0000000087100000|100%| E|CS|TAMS 0x0000000087000000| PB 0x0000000087000000| Complete 
| 113|0x0000000087100000, 0x0000000087200000, 0x0000000087200000|100%| E|CS|TAMS 0x0000000087100000| PB 0x0000000087100000| Complete 
| 114|0x0000000087200000, 0x0000000087300000, 0x0000000087300000|100%| E|CS|TAMS 0x0000000087200000| PB 0x0000000087200000| Complete 
| 115|0x0000000087300000, 0x0000000087400000, 0x0000000087400000|100%| E|CS|TAMS 0x0000000087300000| PB 0x0000000087300000| Complete 
| 116|0x0000000087400000, 0x0000000087500000, 0x0000000087500000|100%| E|CS|TAMS 0x0000000087400000| PB 0x0000000087400000| Complete 
| 117|0x0000000087500000, 0x0000000087600000, 0x0000000087600000|100%| E|CS|TAMS 0x0000000087500000| PB 0x0000000087500000| Complete 
| 118|0x0000000087600000, 0x0000000087700000, 0x0000000087700000|100%| E|CS|TAMS 0x0000000087600000| PB 0x0000000087600000| Complete 
| 119|0x0000000087700000, 0x0000000087800000, 0x0000000087800000|100%| E|CS|TAMS 0x0000000087700000| PB 0x0000000087700000| Complete 
| 120|0x0000000087800000, 0x0000000087900000, 0x0000000087900000|100%| E|CS|TAMS 0x0000000087800000| PB 0x0000000087800000| Complete 
| 121|0x0000000087900000, 0x0000000087a00000, 0x0000000087a00000|100%| E|CS|TAMS 0x0000000087900000| PB 0x0000000087900000| Complete 
| 122|0x0000000087a00000, 0x0000000087b00000, 0x0000000087b00000|100%| E|CS|TAMS 0x0000000087a00000| PB 0x0000000087a00000| Complete 
| 123|0x0000000087b00000, 0x0000000087c00000, 0x0000000087c00000|100%| E|CS|TAMS 0x0000000087b00000| PB 0x0000000087b00000| Complete 
| 124|0x0000000087c00000, 0x0000000087d00000, 0x0000000087d00000|100%| E|CS|TAMS 0x0000000087c00000| PB 0x0000000087c00000| Complete 
| 125|0x0000000087d00000, 0x0000000087e00000, 0x0000000087e00000|100%| E|CS|TAMS 0x0000000087d00000| PB 0x0000000087d00000| Complete 
| 126|0x0000000087e00000, 0x0000000087f00000, 0x0000000087f00000|100%| E|CS|TAMS 0x0000000087e00000| PB 0x0000000087e00000| Complete 
| 127|0x0000000087f00000, 0x0000000088000000, 0x0000000088000000|100%| E|CS|TAMS 0x0000000087f00000| PB 0x0000000087f00000| Complete 
| 128|0x0000000088000000, 0x0000000088100000, 0x0000000088100000|100%| E|CS|TAMS 0x0000000088000000| PB 0x0000000088000000| Complete 
| 129|0x0000000088100000, 0x0000000088200000, 0x0000000088200000|100%| E|CS|TAMS 0x0000000088100000| PB 0x0000000088100000| Complete 
| 130|0x0000000088200000, 0x0000000088300000, 0x0000000088300000|100%| E|CS|TAMS 0x0000000088200000| PB 0x0000000088200000| Complete 
| 131|0x0000000088300000, 0x0000000088400000, 0x0000000088400000|100%| E|CS|TAMS 0x0000000088300000| PB 0x0000000088300000| Complete 
| 132|0x0000000088400000, 0x0000000088500000, 0x0000000088500000|100%| E|CS|TAMS 0x0000000088400000| PB 0x0000000088400000| Complete 
| 133|0x0000000088500000, 0x0000000088600000, 0x0000000088600000|100%| E|CS|TAMS 0x0000000088500000| PB 0x0000000088500000| Complete 
| 176|0x000000008b000000, 0x000000008b100000, 0x000000008b100000|100%| E|CS|TAMS 0x000000008b000000| PB 0x000000008b000000| Complete 
| 177|0x000000008b100000, 0x000000008b200000, 0x000000008b200000|100%| E|CS|TAMS 0x000000008b100000| PB 0x000000008b100000| Complete 
| 178|0x000000008b200000, 0x000000008b300000, 0x000000008b300000|100%| E|CS|TAMS 0x000000008b200000| PB 0x000000008b200000| Complete 
| 179|0x000000008b300000, 0x000000008b400000, 0x000000008b400000|100%| E|CS|TAMS 0x000000008b300000| PB 0x000000008b300000| Complete 
| 180|0x000000008b400000, 0x000000008b500000, 0x000000008b500000|100%| E|CS|TAMS 0x000000008b400000| PB 0x000000008b400000| Complete 
| 181|0x000000008b500000, 0x000000008b600000, 0x000000008b600000|100%| E|CS|TAMS 0x000000008b500000| PB 0x000000008b500000| Complete 
| 182|0x000000008b600000, 0x000000008b700000, 0x000000008b700000|100%| E|CS|TAMS 0x000000008b600000| PB 0x000000008b600000| Complete 
| 183|0x000000008b700000, 0x000000008b800000, 0x000000008b800000|100%| E|CS|TAMS 0x000000008b700000| PB 0x000000008b700000| Complete 
| 184|0x000000008b800000, 0x000000008b900000, 0x000000008b900000|100%| E|CS|TAMS 0x000000008b800000| PB 0x000000008b800000| Complete 
| 185|0x000000008b900000, 0x000000008ba00000, 0x000000008ba00000|100%| E|CS|TAMS 0x000000008b900000| PB 0x000000008b900000| Complete 
| 251|0x000000008fb00000, 0x000000008fc00000, 0x000000008fc00000|100%| E|CS|TAMS 0x000000008fb00000| PB 0x000000008fb00000| Complete 
|2041|0x00000000ff900000, 0x00000000ffa00000, 0x00000000ffa00000|100%| O|  |TAMS 0x00000000ff900000| PB 0x00000000ff900000| Untracked 
|2042|0x00000000ffa00000, 0x00000000ffb00000, 0x00000000ffb00000|100%| O|  |TAMS 0x00000000ffa00000| PB 0x00000000ffa00000| Untracked 
|2043|0x00000000ffb00000, 0x00000000ffc00000, 0x00000000ffc00000|100%| O|  |TAMS 0x00000000ffb00000| PB 0x00000000ffb00000| Untracked 
|2044|0x00000000ffc00000, 0x00000000ffd00000, 0x00000000ffd00000|100%| O|  |TAMS 0x00000000ffc00000| PB 0x00000000ffc00000| Untracked 
|2045|0x00000000ffd00000, 0x00000000ffe00000, 0x00000000ffe00000|100%| O|  |TAMS 0x00000000ffd00000| PB 0x00000000ffd00000| Untracked 
|2046|0x00000000ffe00000, 0x00000000fff00000, 0x00000000fff00000|100%| O|  |TAMS 0x00000000ffe00000| PB 0x00000000ffe00000| Untracked 
|2047|0x00000000fff00000, 0x0000000100000000, 0x0000000100000000|100%| O|  |TAMS 0x00000000fff00000| PB 0x00000000fff00000| Untracked 

Card table byte_map: [0x0000013ba5eb0000,0x0000013ba62b0000] _byte_map_base: 0x0000013ba5ab0000

Marking Bits: (CMBitMap*) 0x0000013b91f56070
 Bits: [0x0000013ba62b0000, 0x0000013ba82b0000)

Polling page: 0x0000013b90680000

Metaspace:

Usage:
  Non-class:     60.35 MB used.
      Class:      9.65 MB used.
       Both:     70.00 MB used.

Virtual space:
  Non-class space:       64.00 MB reserved,      61.25 MB ( 96%) committed,  1 nodes.
      Class space:        1.00 GB reserved,      10.56 MB (  1%) committed,  1 nodes.
             Both:        1.06 GB reserved,      71.81 MB (  7%) committed. 

Chunk freelists:
   Non-Class:  1.94 MB
       Class:  5.33 MB
        Both:  7.27 MB

MaxMetaspaceSize: unlimited
CompressedClassSpaceSize: 1.00 GB
Initial GC threshold: 21.00 MB
Current GC threshold: 83.56 MB
CDS: off
 - commit_granule_bytes: 65536.
 - commit_granule_words: 8192.
 - virtual_space_node_default_size: 8388608.
 - enlarge_chunks_in_place: 1.
 - use_allocation_guard: 0.


Internal statistics:

num_allocs_failed_limit: 6.
num_arena_births: 3306.
num_arena_deaths: 0.
num_vsnodes_births: 2.
num_vsnodes_deaths: 0.
num_space_committed: 1149.
num_space_uncommitted: 0.
num_chunks_returned_to_freelist: 6.
num_chunks_taken_from_freelist: 6259.
num_chunk_merges: 6.
num_chunk_splits: 4062.
num_chunks_enlarged: 2540.
num_inconsistent_stats: 0.

CodeHeap 'non-profiled nmethods': size=118848Kb used=3747Kb max_used=3747Kb free=115100Kb
 bounds [0x0000013b9cd30000, 0x0000013b9d0e0000, 0x0000013ba4140000]
CodeHeap 'profiled nmethods': size=118848Kb used=13315Kb max_used=13315Kb free=105532Kb
 bounds [0x0000013b95140000, 0x0000013b95e50000, 0x0000013b9c550000]
CodeHeap 'non-nmethods': size=8064Kb used=5005Kb max_used=5052Kb free=3058Kb
 bounds [0x0000013b9c550000, 0x0000013b9ca50000, 0x0000013b9cd30000]
 total_blobs=7482 nmethods=6588 adapters=792
 compilation: enabled
              stopped_count=0, restarted_count=0
 full_count=0

Compilation events (20 events):
Event: 5.485 Thread 0x0000013bb264c940 nmethod 7163 0x0000013b95e34e90 code [0x0000013b95e350c0, 0x0000013b95e358e8]
Event: 5.485 Thread 0x0000013bb13934b0 nmethod 7166 0x0000013b95e35d90 code [0x0000013b95e35f80, 0x0000013b95e364b8]
Event: 5.485 Thread 0x0000013babfcea40 nmethod 7159 0x0000013b9d0d1a10 code [0x0000013b9d0d1ba0, 0x0000013b9d0d1c60]
Event: 5.485 Thread 0x0000013bac1ea590 nmethod 7164 0x0000013b95e36690 code [0x0000013b95e368c0, 0x0000013b95e36fc0]
Event: 5.485 Thread 0x0000013babfcf4e0 nmethod 7167 0x0000013b95e37390 code [0x0000013b95e37620, 0x0000013b95e383a8]
Event: 5.485 Thread 0x0000013bb5da3f40 nmethod 7145 0x0000013b9d0d1d10 code [0x0000013b9d0d1fe0, 0x0000013b9d0d2b08]
Event: 5.486 Thread 0x0000013bb6b83810 nmethod 7151 0x0000013b9d0d3690 code [0x0000013b9d0d38c0, 0x0000013b9d0d3fd0]
Event: 5.486 Thread 0x0000013bb6b83810 7168       4       java.net.URI$Parser::scan (53 bytes)
Event: 5.488 Thread 0x0000013bb6b83810 nmethod 7168 0x0000013b9d0d4710 code [0x0000013b9d0d48e0, 0x0000013b9d0d4ee0]
Event: 5.490 Thread 0x0000013bac1ea590 7169       3       java.util.regex.Pattern$TreeInfo::<init> (9 bytes)
Event: 5.490 Thread 0x0000013bac1ea590 nmethod 7169 0x0000013b95e38890 code [0x0000013b95e38a40, 0x0000013b95e38c20]
Event: 5.490 Thread 0x0000013bac1ea590 7171       3       java.util.regex.Pattern::range (294 bytes)
Event: 5.490 Thread 0x0000013babfcea40 7170       4       java.util.regex.Pattern::compile (537 bytes)
Event: 5.490 Thread 0x0000013bb6b83810 7172       4       java.util.regex.Pattern::peek (26 bytes)
Event: 5.490 Thread 0x0000013bb6b83810 nmethod 7172 0x0000013b9d0d5310 code [0x0000013b9d0d54a0, 0x0000013b9d0d5598]
Event: 5.490 Thread 0x0000013bac1ea590 nmethod 7171 0x0000013b95e38d10 code [0x0000013b95e39140, 0x0000013b95e3a8c0]
Event: 5.493 Thread 0x0000013bb6b83810 7173       4       java.util.ArrayList$SubList::toArray (79 bytes)
Event: 5.494 Thread 0x0000013bb5da3f40 7174       4       java.lang.invoke.DirectMethodHandle::<init> (148 bytes)
Event: 5.494 Thread 0x0000013bb6b83810 nmethod 7173 0x0000013b9d0d5690 code [0x0000013b9d0d5840, 0x0000013b9d0d5b08]
Event: 5.498 Thread 0x0000013bb5da3f40 nmethod 7174 0x0000013b9d0d5c90 code [0x0000013b9d0d5ee0, 0x0000013b9d0d6b70]

GC Heap History (20 events):
Event: 1.115 GC heap before
{Heap before GC invocations=2 (full 0):
 garbage-first heap   total 258048K, used 79049K [0x0000000080000000, 0x0000000100000000)
  region size 1024K, 66 young (67584K), 2 survivors (2048K)
 Metaspace       used 21148K, committed 21504K, reserved 1114112K
  class space    used 2432K, committed 2624K, reserved 1048576K
}
Event: 1.120 GC heap after
{Heap after GC invocations=3 (full 0):
 garbage-first heap   total 258048K, used 21336K [0x0000000080000000, 0x0000000100000000)
  region size 1024K, 10 young (10240K), 10 survivors (10240K)
 Metaspace       used 21148K, committed 21504K, reserved 1114112K
  class space    used 2432K, committed 2624K, reserved 1048576K
}
Event: 1.584 GC heap before
{Heap before GC invocations=4 (full 0):
 garbage-first heap   total 78848K, used 76632K [0x0000000080000000, 0x0000000100000000)
  region size 1024K, 65 young (66560K), 10 survivors (10240K)
 Metaspace       used 30215K, committed 30912K, reserved 1114112K
  class space    used 3901K, committed 4224K, reserved 1048576K
}
Event: 1.590 GC heap after
{Heap after GC invocations=5 (full 0):
 garbage-first heap   total 92160K, used 24692K [0x0000000080000000, 0x0000000100000000)
  region size 1024K, 13 young (13312K), 13 survivors (13312K)
 Metaspace       used 30215K, committed 30912K, reserved 1114112K
  class space    used 3901K, committed 4224K, reserved 1048576K
}
Event: 2.608 GC heap before
{Heap before GC invocations=5 (full 0):
 garbage-first heap   total 92160K, used 76916K [0x0000000080000000, 0x0000000100000000)
  region size 1024K, 54 young (55296K), 13 survivors (13312K)
 Metaspace       used 35060K, committed 35904K, reserved 1114112K
  class space    used 4728K, committed 5120K, reserved 1048576K
}
Event: 2.613 GC heap after
{Heap after GC invocations=6 (full 0):
 garbage-first heap   total 98304K, used 41046K [0x0000000080000000, 0x0000000100000000)
  region size 1024K, 7 young (7168K), 7 survivors (7168K)
 Metaspace       used 35060K, committed 35904K, reserved 1114112K
  class space    used 4728K, committed 5120K, reserved 1048576K
}
Event: 2.618 GC heap before
{Heap before GC invocations=6 (full 0):
 garbage-first heap   total 98304K, used 42070K [0x0000000080000000, 0x0000000100000000)
  region size 1024K, 9 young (9216K), 7 survivors (7168K)
 Metaspace       used 35151K, committed 35968K, reserved 1114112K
  class space    used 4740K, committed 5120K, reserved 1048576K
}
Event: 2.620 GC heap after
{Heap after GC invocations=7 (full 0):
 garbage-first heap   total 98304K, used 41684K [0x0000000080000000, 0x0000000100000000)
  region size 1024K, 1 young (1024K), 1 survivors (1024K)
 Metaspace       used 35151K, committed 35968K, reserved 1114112K
  class space    used 4740K, committed 5120K, reserved 1048576K
}
Event: 2.908 GC heap before
{Heap before GC invocations=8 (full 0):
 garbage-first heap   total 98304K, used 82644K [0x0000000080000000, 0x0000000100000000)
  region size 1024K, 40 young (40960K), 1 survivors (1024K)
 Metaspace       used 39935K, committed 40960K, reserved 1114112K
  class space    used 5521K, committed 6016K, reserved 1048576K
}
Event: 2.910 GC heap after
{Heap after GC invocations=9 (full 0):
 garbage-first heap   total 98304K, used 44575K [0x0000000080000000, 0x0000000100000000)
  region size 1024K, 3 young (3072K), 3 survivors (3072K)
 Metaspace       used 39935K, committed 40960K, reserved 1114112K
  class space    used 5521K, committed 6016K, reserved 1048576K
}
Event: 3.208 GC heap before
{Heap before GC invocations=9 (full 0):
 garbage-first heap   total 98304K, used 84511K [0x0000000080000000, 0x0000000100000000)
  region size 1024K, 42 young (43008K), 3 survivors (3072K)
 Metaspace       used 47542K, committed 48704K, reserved 1114112K
  class space    used 6521K, committed 7104K, reserved 1048576K
}
Event: 3.211 GC heap after
{Heap after GC invocations=10 (full 0):
 garbage-first heap   total 98304K, used 48122K [0x0000000080000000, 0x0000000100000000)
  region size 1024K, 6 young (6144K), 6 survivors (6144K)
 Metaspace       used 47542K, committed 48704K, reserved 1114112K
  class space    used 6521K, committed 7104K, reserved 1048576K
}
Event: 3.319 GC heap before
{Heap before GC invocations=10 (full 0):
 garbage-first heap   total 98304K, used 83962K [0x0000000080000000, 0x0000000100000000)
  region size 1024K, 40 young (40960K), 6 survivors (6144K)
 Metaspace       used 49450K, committed 50688K, reserved 1114112K
  class space    used 6707K, committed 7360K, reserved 1048576K
}
Event: 3.323 GC heap after
{Heap after GC invocations=11 (full 0):
 garbage-first heap   total 98304K, used 53581K [0x0000000080000000, 0x0000000100000000)
  region size 1024K, 4 young (4096K), 4 survivors (4096K)
 Metaspace       used 49450K, committed 50688K, reserved 1114112K
  class space    used 6707K, committed 7360K, reserved 1048576K
}
Event: 3.617 GC heap before
{Heap before GC invocations=12 (full 0):
 garbage-first heap   total 98304K, used 89421K [0x0000000080000000, 0x0000000100000000)
  region size 1024K, 37 young (37888K), 4 survivors (4096K)
 Metaspace       used 54150K, committed 55616K, reserved 1114112K
  class space    used 7373K, committed 8128K, reserved 1048576K
}
Event: 3.620 GC heap after
{Heap after GC invocations=13 (full 0):
 garbage-first heap   total 148480K, used 53142K [0x0000000080000000, 0x0000000100000000)
  region size 1024K, 3 young (3072K), 3 survivors (3072K)
 Metaspace       used 54150K, committed 55616K, reserved 1114112K
  class space    used 7373K, committed 8128K, reserved 1048576K
}
Event: 4.590 GC heap before
{Heap before GC invocations=13 (full 0):
 garbage-first heap   total 148480K, used 142230K [0x0000000080000000, 0x0000000100000000)
  region size 1024K, 75 young (76800K), 3 survivors (3072K)
 Metaspace       used 58839K, committed 60416K, reserved 1114112K
  class space    used 7915K, committed 8704K, reserved 1048576K
}
Event: 4.594 GC heap after
{Heap after GC invocations=14 (full 0):
 garbage-first heap   total 155648K, used 75340K [0x0000000080000000, 0x0000000100000000)
  region size 1024K, 10 young (10240K), 10 survivors (10240K)
 Metaspace       used 58839K, committed 60416K, reserved 1114112K
  class space    used 7915K, committed 8704K, reserved 1048576K
}
Event: 5.014 GC heap before
{Heap before GC invocations=14 (full 0):
 garbage-first heap   total 155648K, used 135756K [0x0000000080000000, 0x0000000100000000)
  region size 1024K, 69 young (70656K), 10 survivors (10240K)
 Metaspace       used 67030K, committed 68736K, reserved 1114112K
  class space    used 9141K, committed 9984K, reserved 1048576K
}
Event: 5.019 GC heap after
{Heap after GC invocations=15 (full 0):
 garbage-first heap   total 155648K, used 78434K [0x0000000080000000, 0x0000000100000000)
  region size 1024K, 4 young (4096K), 4 survivors (4096K)
 Metaspace       used 67030K, committed 68736K, reserved 1114112K
  class space    used 9141K, committed 9984K, reserved 1048576K
}

Dll operation events (3 events):
Event: 0.004 Loaded shared library C:\android studio\jbr\bin\java.dll
Event: 0.007 Loaded shared library C:\android studio\jbr\bin\zip.dll
Event: 0.208 Loaded shared library C:\android studio\jbr\bin\verify.dll

Deoptimization events (20 events):
Event: 5.284 Thread 0x0000013bb28354b0 DEOPT PACKING pc=0x0000013b9d00317c sp=0x000000171fdf7b20
Event: 5.284 Thread 0x0000013bb28354b0 DEOPT UNPACKING pc=0x0000013b9c5a46a2 sp=0x000000171fdf7ad0 mode 2
Event: 5.300 Thread 0x0000013bb28354b0 Uncommon trap: trap_request=0xffffffc6 fr.pc=0x0000013b9cf62dc0 relative=0x0000000000000260
Event: 5.301 Thread 0x0000013bb28354b0 Uncommon trap: reason=bimorphic_or_optimized_type_check action=maybe_recompile pc=0x0000013b9cf62dc0 method=java.util.Spliterators$IteratorSpliterator.tryAdvance(Ljava/util/function/Consumer;)Z @ 50 c2
Event: 5.301 Thread 0x0000013bb28354b0 DEOPT PACKING pc=0x0000013b9cf62dc0 sp=0x000000171fdf8b60
Event: 5.301 Thread 0x0000013bb28354b0 DEOPT UNPACKING pc=0x0000013b9c5a46a2 sp=0x000000171fdf8b00 mode 2
Event: 5.468 Thread 0x0000013bb28354b0 DEOPT PACKING pc=0x0000013b95866df4 sp=0x000000171fdf68f0
Event: 5.468 Thread 0x0000013bb28354b0 DEOPT UNPACKING pc=0x0000013b9c5a4e42 sp=0x000000171fdf5e48 mode 0
Event: 5.474 Thread 0x0000013bb28354b0 Uncommon trap: trap_request=0xffffffc6 fr.pc=0x0000013b9cf049dc relative=0x00000000000002fc
Event: 5.474 Thread 0x0000013bb28354b0 Uncommon trap: reason=bimorphic_or_optimized_type_check action=maybe_recompile pc=0x0000013b9cf049dc method=com.google.common.base.CharMatcher.indexIn(Ljava/lang/CharSequence;I)I @ 31 c2
Event: 5.474 Thread 0x0000013bb28354b0 DEOPT PACKING pc=0x0000013b9cf049dc sp=0x000000171fdf83f0
Event: 5.474 Thread 0x0000013bb28354b0 DEOPT UNPACKING pc=0x0000013b9c5a46a2 sp=0x000000171fdf8398 mode 2
Event: 5.475 Thread 0x0000013bb28354b0 Uncommon trap: trap_request=0xffffffc6 fr.pc=0x0000013b9cf049dc relative=0x00000000000002fc
Event: 5.475 Thread 0x0000013bb28354b0 Uncommon trap: reason=bimorphic_or_optimized_type_check action=maybe_recompile pc=0x0000013b9cf049dc method=com.google.common.base.CharMatcher.indexIn(Ljava/lang/CharSequence;I)I @ 31 c2
Event: 5.475 Thread 0x0000013bb28354b0 DEOPT PACKING pc=0x0000013b9cf049dc sp=0x000000171fdf8460
Event: 5.475 Thread 0x0000013bb28354b0 DEOPT UNPACKING pc=0x0000013b9c5a46a2 sp=0x000000171fdf8408 mode 2
Event: 5.477 Thread 0x0000013bb28354b0 Uncommon trap: trap_request=0xffffffc6 fr.pc=0x0000013b9cf049dc relative=0x00000000000002fc
Event: 5.477 Thread 0x0000013bb28354b0 Uncommon trap: reason=bimorphic_or_optimized_type_check action=maybe_recompile pc=0x0000013b9cf049dc method=com.google.common.base.CharMatcher.indexIn(Ljava/lang/CharSequence;I)I @ 31 c2
Event: 5.477 Thread 0x0000013bb28354b0 DEOPT PACKING pc=0x0000013b9cf049dc sp=0x000000171fdf7be0
Event: 5.477 Thread 0x0000013bb28354b0 DEOPT UNPACKING pc=0x0000013b9c5a46a2 sp=0x000000171fdf7b88 mode 2

Classes loaded (20 events):
Event: 5.094 Loading class java/util/IdentityHashMap$EntryIterator
Event: 5.094 Loading class java/util/IdentityHashMap$IdentityHashMapIterator
Event: 5.094 Loading class java/util/IdentityHashMap$IdentityHashMapIterator done
Event: 5.094 Loading class java/util/IdentityHashMap$EntryIterator done
Event: 5.094 Loading class java/util/IdentityHashMap$EntryIterator$Entry
Event: 5.094 Loading class java/util/IdentityHashMap$EntryIterator$Entry done
Event: 5.104 Loading class java/util/concurrent/RecursiveAction
Event: 5.104 Loading class java/util/concurrent/RecursiveAction done
Event: 5.114 Loading class java/lang/invoke/SerializedLambda$1
Event: 5.114 Loading class java/lang/invoke/SerializedLambda$1 done
Event: 5.134 Loading class org/xml/sax/Locator
Event: 5.134 Loading class org/xml/sax/Locator done
Event: 5.135 Loading class org/xml/sax/SAXParseException
Event: 5.135 Loading class org/xml/sax/SAXParseException done
Event: 5.135 Loading class org/xml/sax/Attributes
Event: 5.135 Loading class org/xml/sax/Attributes done
Event: 5.167 Loading class java/util/DualPivotQuicksort
Event: 5.168 Loading class java/util/DualPivotQuicksort done
Event: 5.272 Loading class java/util/function/LongUnaryOperator
Event: 5.272 Loading class java/util/function/LongUnaryOperator done

Classes unloaded (0 events):
No events

Classes redefined (0 events):
No events

Internal exceptions (20 events):
Event: 5.112 Thread 0x0000013bb28354b0 Exception <a 'java/lang/ClassNotFoundException'{0x00000000882e7ca8}: org/gradle/api/invocation/GradleBeanInfo> (0x00000000882e7ca8) 
thrown [s\src\hotspot\share\classfile\systemDictionary.cpp, line 312]
Event: 5.112 Thread 0x0000013bb28354b0 Exception <a 'java/lang/ClassNotFoundException'{0x00000000882f36f8}: org/gradle/api/invocation/GradleCustomizer> (0x00000000882f36f8) 
thrown [s\src\hotspot\share\classfile\systemDictionary.cpp, line 312]
Event: 5.113 Thread 0x0000013bb28354b0 Exception <a 'java/lang/NoSuchMethodError'{0x0000000088115ef0}: 'void java.lang.invoke.Invokers$Holder.invokeExact_MT(java.lang.Object, java.lang.Object, int, java.lang.Object)'> (0x0000000088115ef0) 
thrown [s\src\hotspot\share\interpreter\linkResolver.cpp, line 784]
Event: 5.114 Thread 0x0000013bb28354b0 Exception <a 'java/lang/NoSuchMethodError'{0x0000000088137d18}: 'void java.lang.invoke.Invokers$Holder.invokeExact_MT(java.lang.Object, java.lang.Object, long, java.lang.Object)'> (0x0000000088137d18) 
thrown [s\src\hotspot\share\interpreter\linkResolver.cpp, line 784]
Event: 5.130 Thread 0x0000013bb28354b0 Exception <a 'java/lang/ClassNotFoundException'{0x0000000088060320}: org/gradle/api/internal/project/DefaultProject_DecoratedBeanInfo> (0x0000000088060320) 
thrown [s\src\hotspot\share\classfile\systemDictionary.cpp, line 312]
Event: 5.130 Thread 0x0000013bb28354b0 Exception <a 'java/lang/ClassNotFoundException'{0x000000008806bee0}: org/gradle/api/internal/project/DefaultProjectBeanInfo> (0x000000008806bee0) 
thrown [s\src\hotspot\share\classfile\systemDictionary.cpp, line 312]
Event: 5.130 Thread 0x0000013bb28354b0 Exception <a 'java/lang/ClassNotFoundException'{0x0000000088077b18}: org/gradle/api/internal/project/DefaultProjectCustomizer> (0x0000000088077b18) 
thrown [s\src\hotspot\share\classfile\systemDictionary.cpp, line 312]
Event: 5.133 Thread 0x0000013bb28354b0 Exception <a 'java/lang/ClassNotFoundException'{0x0000000087f31668}: org/gradle/api/internal/project/DefaultProject_DecoratedCustomizer> (0x0000000087f31668) 
thrown [s\src\hotspot\share\classfile\systemDictionary.cpp, line 312]
Event: 5.272 Thread 0x0000013bb28354b0 Exception <a 'java/lang/NoSuchMethodError'{0x00000000877a9f78}: 'long java.lang.invoke.DirectMethodHandle$Holder.invokeStatic(java.lang.Object, long)'> (0x00000000877a9f78) 
thrown [s\src\hotspot\share\interpreter\linkResolver.cpp, line 784]
Event: 5.306 Thread 0x0000013bb28354b0 Exception <a 'java/lang/NoSuchMethodError'{0x0000000087285328}: 'java.lang.Object java.lang.invoke.DirectMethodHandle$Holder.invokeVirtual(java.lang.Object, java.lang.Object, java.lang.Object, java.lang.Object, java.lang.Object, java.lang.Object, java.lang.Object, java.lang.Object, java.lang.Object, java.lang.Object, java.lang.Object, java.lang.Object, java.lang.Object, java.lang.Object, java.lang.Object, java.lang.Object, java.lang.Object)'> (0x0000000087285328) 
thrown [s\src\hotspot\share\interpreter\li
Event: 5.306 Thread 0x0000013bb28354b0 Exception <a 'java/lang/NoSuchMethodError'{0x000000008728b430}: 'java.lang.Object java.lang.invoke.DirectMethodHandle$Holder.invokeSpecial(java.lang.Object, java.lang.Object, java.lang.Object, java.lang.Object, java.lang.Object, java.lang.Object, java.lang.Object, java.lang.Object, java.lang.Object, java.lang.Object, java.lang.Object, java.lang.Object, java.lang.Object, java.lang.Object, java.lang.Object, java.lang.Object, java.lang.Object, java.lang.Object)'> (0x000000008728b430) 
thrown [s\src\hotspot\sh
Event: 5.306 Thread 0x0000013bb28354b0 Exception <a 'java/lang/NoSuchMethodError'{0x0000000087290c28}: 'java.lang.Object java.lang.invoke.DelegatingMethodHandle$Holder.reinvoke_L(java.lang.Object, java.lang.Object, java.lang.Object, java.lang.Object, java.lang.Object, java.lang.Object, java.lang.Object, java.lang.Object, java.lang.Object, java.lang.Object, java.lang.Object, java.lang.Object, java.lang.Object, java.lang.Object, java.lang.Object, java.lang.Object, java.lang.Object)'> (0x0000000087290c28) 
thrown [s\src\hotspot\share\interpreter\l
Event: 5.309 Thread 0x0000013bb28354b0 Exception <a 'java/lang/NoSuchMethodError'{0x000000008711db18}: 'void java.lang.invoke.DirectMethodHandle$Holder.invokeStatic(java.lang.Object, java.lang.Object, java.lang.Object, java.lang.Object, java.lang.Object, java.lang.Object)'> (0x000000008711db18) 
thrown [s\src\hotspot\share\interpreter\linkResolver.cpp, line 784]
Event: 5.464 Thread 0x0000013bb28354b0 Exception <a 'java/lang/NoSuchMethodError'{0x0000000086eef670}: static Lorg/gradle/api/internal/catalog/DefaultVersionCatalog;.<clinit>()V> (0x0000000086eef670) 
thrown [s\src\hotspot\share\prims\jni.cpp, line 1126]
Event: 5.467 Thread 0x0000013bb28354b0 Exception <a 'java/lang/NoSuchMethodError'{0x0000000086d43eb8}: static [Ljava/lang/Object;.<clinit>()V> (0x0000000086d43eb8) 
thrown [s\src\hotspot\share\prims\jni.cpp, line 1126]
Event: 5.467 Thread 0x0000013bb28354b0 Exception <a 'java/lang/NoSuchMethodError'{0x0000000086d6c998}: static Lorg/gradle/api/internal/catalog/DependencyModel;.<clinit>()V> (0x0000000086d6c998) 
thrown [s\src\hotspot\share\prims\jni.cpp, line 1126]
Event: 5.467 Thread 0x0000013bb28354b0 Exception <a 'java/lang/NoSuchMethodError'{0x0000000086d70690}: static Lorg/gradle/api/internal/catalog/AbstractContextAwareModel;.<clinit>()V> (0x0000000086d70690) 
thrown [s\src\hotspot\share\prims\jni.cpp, line 1126]
Event: 5.468 Thread 0x0000013bb28354b0 Exception <a 'java/lang/NoSuchMethodError'{0x0000000086d8a0f8}: static Lorg/gradle/api/internal/artifacts/dependencies/AbstractVersionConstraint;.<clinit>()V> (0x0000000086d8a0f8) 
thrown [s\src\hotspot\share\prims\jni.cpp, line 1126]
Event: 5.469 Thread 0x0000013bb28354b0 Exception <a 'java/lang/NoSuchMethodError'{0x0000000086ddc728}: static Lorg/gradle/api/internal/catalog/PluginModel;.<clinit>()V> (0x0000000086ddc728) 
thrown [s\src\hotspot\share\prims\jni.cpp, line 1126]
Event: 5.470 Thread 0x0000013bb28354b0 Exception <a 'java/lang/NoSuchMethodError'{0x0000000086df3a98}: static Lorg/gradle/api/internal/catalog/VersionModel;.<clinit>()V> (0x0000000086df3a98) 
thrown [s\src\hotspot\share\prims\jni.cpp, line 1126]

ZGC Phase Switch (0 events):
No events

VM Operations (20 events):
Event: 4.590 Executing VM operation: G1CollectForAllocation (G1 Evacuation Pause)
Event: 4.594 Executing VM operation: G1CollectForAllocation (G1 Evacuation Pause) done
Event: 4.939 Executing VM operation: ICBufferFull
Event: 4.940 Executing VM operation: ICBufferFull done
Event: 4.962 Executing VM operation: HandshakeAllThreads (Deoptimize)
Event: 4.962 Executing VM operation: HandshakeAllThreads (Deoptimize) done
Event: 4.974 Executing VM operation: HandshakeAllThreads (Deoptimize)
Event: 4.974 Executing VM operation: HandshakeAllThreads (Deoptimize) done
Event: 4.995 Executing VM operation: HandshakeAllThreads (Deoptimize)
Event: 4.995 Executing VM operation: HandshakeAllThreads (Deoptimize) done
Event: 5.000 Executing VM operation: HandshakeAllThreads (Deoptimize)
Event: 5.000 Executing VM operation: HandshakeAllThreads (Deoptimize) done
Event: 5.014 Executing VM operation: G1CollectForAllocation (G1 Evacuation Pause)
Event: 5.019 Executing VM operation: G1CollectForAllocation (G1 Evacuation Pause) done
Event: 5.058 Executing VM operation: HandshakeAllThreads (Deoptimize)
Event: 5.058 Executing VM operation: HandshakeAllThreads (Deoptimize) done
Event: 5.101 Executing VM operation: HandshakeAllThreads (Deoptimize)
Event: 5.101 Executing VM operation: HandshakeAllThreads (Deoptimize) done
Event: 5.465 Executing VM operation: HandshakeAllThreads (Deoptimize)
Event: 5.465 Executing VM operation: HandshakeAllThreads (Deoptimize) done

Events (20 events):
Event: 4.001 Thread 0x0000013bb57a4490 Thread added: 0x0000013bb57a4490
Event: 4.001 Thread 0x0000013bb57a7fa0 Thread added: 0x0000013bb57a7fa0
Event: 4.002 Thread 0x0000013bb57aa700 Thread added: 0x0000013bb57aa700
Event: 4.022 Thread 0x0000013bb57a8630 Thread added: 0x0000013bb57a8630
Event: 4.022 Thread 0x0000013bb57a9350 Thread added: 0x0000013bb57a9350
Event: 4.022 Thread 0x0000013bb57ab420 Thread added: 0x0000013bb57ab420
Event: 4.023 Thread 0x0000013bb57aad90 Thread added: 0x0000013bb57aad90
Event: 4.023 Thread 0x0000013bb57a8cc0 Thread added: 0x0000013bb57a8cc0
Event: 4.023 Thread 0x0000013bb57a99e0 Thread added: 0x0000013bb57a99e0
Event: 4.023 Thread 0x0000013bb57aa070 Thread added: 0x0000013bb57aa070
Event: 4.023 Thread 0x0000013bb35a0e00 Thread added: 0x0000013bb35a0e00
Event: 4.023 Thread 0x0000013bb35a3560 Thread added: 0x0000013bb35a3560
Event: 4.122 Thread 0x0000013bb35a3bf0 Thread added: 0x0000013bb35a3bf0
Event: 4.285 Thread 0x0000013bb56b7f80 Thread exited: 0x0000013bb56b7f80
Event: 4.285 Thread 0x0000013bb557f2d0 Thread exited: 0x0000013bb557f2d0
Event: 4.340 Thread 0x0000013bb3658500 Thread exited: 0x0000013bb3658500
Event: 4.529 Thread 0x0000013bb5da3f40 Thread added: 0x0000013bb5da3f40
Event: 5.133 Thread 0x0000013bb6b83810 Thread added: 0x0000013bb6b83810
Event: 5.133 Thread 0x0000013bb68b3040 Thread added: 0x0000013bb68b3040
Event: 5.434 Thread 0x0000013bb68b3040 Thread exited: 0x0000013bb68b3040


Dynamic libraries:
0x00007ff748e50000 - 0x00007ff748e5a000 	C:\android studio\jbr\bin\java.exe
0x00007ffcea4c0000 - 0x00007ffcea723000 	C:\WINDOWS\SYSTEM32\ntdll.dll
0x00007ffce8f10000 - 0x00007ffce8fd7000 	C:\WINDOWS\System32\KERNEL32.DLL
0x00007ffce7f10000 - 0x00007ffce82d9000 	C:\WINDOWS\System32\KERNELBASE.dll
0x00007ffce76c0000 - 0x00007ffce780c000 	C:\WINDOWS\System32\ucrtbase.dll
0x00007ffcdbca0000 - 0x00007ffcdbcbb000 	C:\android studio\jbr\bin\VCRUNTIME140.dll
0x00007ffcdd8d0000 - 0x00007ffcdd8e8000 	C:\android studio\jbr\bin\jli.dll
0x00007ffce9320000 - 0x00007ffce94ea000 	C:\WINDOWS\System32\USER32.dll
0x00007ffce7ce0000 - 0x00007ffce7d07000 	C:\WINDOWS\System32\win32u.dll
0x00007ffcbd700000 - 0x00007ffcbd990000 	C:\WINDOWS\WinSxS\amd64_microsoft.windows.common-controls_6595b64144ccf1df_6.0.26100.3323_none_3e088096e3344490\COMCTL32.dll
0x00007ffce9a90000 - 0x00007ffce9aba000 	C:\WINDOWS\System32\GDI32.dll
0x00007ffcea3d0000 - 0x00007ffcea479000 	C:\WINDOWS\System32\msvcrt.dll
0x00007ffce7ba0000 - 0x00007ffce7cd1000 	C:\WINDOWS\System32\gdi32full.dll
0x00007ffce7a30000 - 0x00007ffce7ad3000 	C:\WINDOWS\System32\msvcp_win.dll
0x00007ffce8870000 - 0x00007ffce889f000 	C:\WINDOWS\System32\IMM32.DLL
0x00007ffcdf7a0000 - 0x00007ffcdf7ac000 	C:\android studio\jbr\bin\vcruntime140_1.dll
0x00007ffcac2d0000 - 0x00007ffcac35d000 	C:\android studio\jbr\bin\msvcp140.dll
0x00007ffc97060000 - 0x00007ffc97cdd000 	C:\android studio\jbr\bin\server\jvm.dll
0x00007ffce8da0000 - 0x00007ffce8e52000 	C:\WINDOWS\System32\ADVAPI32.dll
0x00007ffce8910000 - 0x00007ffce89b6000 	C:\WINDOWS\System32\sechost.dll
0x00007ffce9960000 - 0x00007ffce9a76000 	C:\WINDOWS\System32\RPCRT4.dll
0x00007ffce9000000 - 0x00007ffce9074000 	C:\WINDOWS\System32\WS2_32.dll
0x00007ffcd77a0000 - 0x00007ffcd77d6000 	C:\WINDOWS\SYSTEM32\WINMM.dll
0x00007ffce6350000 - 0x00007ffce639e000 	C:\WINDOWS\SYSTEM32\POWRPROF.dll
0x00007ffcdc550000 - 0x00007ffcdc55b000 	C:\WINDOWS\SYSTEM32\VERSION.dll
0x00007ffce6330000 - 0x00007ffce6344000 	C:\WINDOWS\SYSTEM32\UMPDC.dll
0x00007ffce6590000 - 0x00007ffce65aa000 	C:\WINDOWS\SYSTEM32\kernel.appcore.dll
0x00007ffcdf770000 - 0x00007ffcdf77a000 	C:\android studio\jbr\bin\jimage.dll
0x00007ffce4ee0000 - 0x00007ffce5121000 	C:\WINDOWS\SYSTEM32\DBGHELP.DLL
0x00007ffce95d0000 - 0x00007ffce9952000 	C:\WINDOWS\System32\combase.dll
0x00007ffce94f0000 - 0x00007ffce95c6000 	C:\WINDOWS\System32\OLEAUT32.dll
0x00007ffc9b1c0000 - 0x00007ffc9b1f9000 	C:\WINDOWS\SYSTEM32\dbgcore.DLL
0x00007ffce7990000 - 0x00007ffce7a29000 	C:\WINDOWS\System32\bcryptPrimitives.dll
0x00007ffcdae70000 - 0x00007ffcdae7e000 	C:\android studio\jbr\bin\instrument.dll
0x00007ffcdbab0000 - 0x00007ffcdbacf000 	C:\android studio\jbr\bin\java.dll
0x00007ffcdb8d0000 - 0x00007ffcdb8e8000 	C:\android studio\jbr\bin\zip.dll
0x00007ffce9ac0000 - 0x00007ffcea1d5000 	C:\WINDOWS\System32\SHELL32.dll
0x00007ffce7da0000 - 0x00007ffce7f08000 	C:\WINDOWS\System32\wintypes.dll
0x00007ffce53a0000 - 0x00007ffce5be5000 	C:\WINDOWS\SYSTEM32\windows.storage.dll
0x00007ffce8c30000 - 0x00007ffce8d1b000 	C:\WINDOWS\System32\SHCORE.dll
0x00007ffce88b0000 - 0x00007ffce890d000 	C:\WINDOWS\System32\shlwapi.dll
0x00007ffce75d0000 - 0x00007ffce75ff000 	C:\WINDOWS\SYSTEM32\profapi.dll
0x00007ffcdd890000 - 0x00007ffcdd8a0000 	C:\android studio\jbr\bin\net.dll
0x00007ffcde070000 - 0x00007ffcde18e000 	C:\WINDOWS\SYSTEM32\WINHTTP.dll
0x00007ffce6b10000 - 0x00007ffce6b7a000 	C:\WINDOWS\system32\mswsock.dll
0x00007ffcdb8b0000 - 0x00007ffcdb8c6000 	C:\android studio\jbr\bin\nio.dll
0x00007ffcdbde0000 - 0x00007ffcdbdf0000 	C:\android studio\jbr\bin\verify.dll
0x00007ffcdab30000 - 0x00007ffcdab57000 	C:\Users\Acer\.gradle\native\c067742578af261105cb4f569cf0c3c89f3d7b1fecec35dd04571415982c5e48\windows-amd64\native-platform.dll
0x00007ffc9d0f0000 - 0x00007ffc9d234000 	C:\Users\Acer\.gradle\native\100fb08df4bc3b14c8652ba06237920a3bd2aa13389f12d3474272988ae205f9\windows-amd64\native-platform-file-events.dll
0x00007ffcdbfc0000 - 0x00007ffcdbfc9000 	C:\android studio\jbr\bin\management.dll
0x00007ffcdbeb0000 - 0x00007ffcdbebb000 	C:\android studio\jbr\bin\management_ext.dll
0x00007ffce9170000 - 0x00007ffce9178000 	C:\WINDOWS\System32\PSAPI.DLL
0x00007ffce6db0000 - 0x00007ffce6dcc000 	C:\WINDOWS\SYSTEM32\CRYPTSP.dll
0x00007ffce6550000 - 0x00007ffce658a000 	C:\WINDOWS\system32\rsaenh.dll
0x00007ffce6bb0000 - 0x00007ffce6bdb000 	C:\WINDOWS\SYSTEM32\USERENV.dll
0x00007ffce6ff0000 - 0x00007ffce7016000 	C:\WINDOWS\SYSTEM32\bcrypt.dll
0x00007ffce6dd0000 - 0x00007ffce6ddc000 	C:\WINDOWS\SYSTEM32\CRYPTBASE.dll
0x00007ffce5fe0000 - 0x00007ffce6013000 	C:\WINDOWS\SYSTEM32\IPHLPAPI.DLL
0x00007ffce9a80000 - 0x00007ffce9a8a000 	C:\WINDOWS\System32\NSI.dll
0x00007ffcdce00000 - 0x00007ffcdce09000 	C:\android studio\jbr\bin\extnet.dll
0x00007ffc84c00000 - 0x00007ffc84c08000 	C:\WINDOWS\system32\wshunix.dll

dbghelp: loaded successfully - version: 4.0.5 - missing functions: none
symbol engine: initialized successfully - sym options: 0x614 - pdb path: .;C:\android studio\jbr\bin;C:\WINDOWS\SYSTEM32;C:\WINDOWS\WinSxS\amd64_microsoft.windows.common-controls_6595b64144ccf1df_6.0.26100.3323_none_3e088096e3344490;C:\android studio\jbr\bin\server;C:\Users\Acer\.gradle\native\c067742578af261105cb4f569cf0c3c89f3d7b1fecec35dd04571415982c5e48\windows-amd64;C:\Users\Acer\.gradle\native\100fb08df4bc3b14c8652ba06237920a3bd2aa13389f12d3474272988ae205f9\windows-amd64

VM Arguments:
jvm_args: --add-opens=java.base/java.util=ALL-UNNAMED --add-opens=java.base/java.lang=ALL-UNNAMED --add-opens=java.base/java.lang.invoke=ALL-UNNAMED --add-opens=java.prefs/java.util.prefs=ALL-UNNAMED --add-exports=jdk.compiler/com.sun.tools.javac.api=ALL-UNNAMED --add-exports=jdk.compiler/com.sun.tools.javac.util=ALL-UNNAMED --add-opens=java.base/java.nio.charset=ALL-UNNAMED --add-opens=java.base/java.net=ALL-UNNAMED --add-opens=java.base/java.util.concurrent.atomic=ALL-UNNAMED -Xmx2048m -Dfile.encoding=UTF-8 -Duser.country=US -Duser.language=en -Duser.variant -javaagent:C:\Users\Acer\.gradle\wrapper\dists\gradle-8.9-bin\90cnw93cvbtalezasaz0blq0a\gradle-8.9\lib\agents\gradle-instrumentation-agent-8.9.jar 
java_command: org.gradle.launcher.daemon.bootstrap.GradleDaemon 8.9
java_class_path (initial): C:\Users\Acer\.gradle\wrapper\dists\gradle-8.9-bin\90cnw93cvbtalezasaz0blq0a\gradle-8.9\lib\gradle-daemon-main-8.9.jar
Launcher Type: SUN_STANDARD

[Global flags]
     intx CICompilerCount                          = 15                                        {product} {ergonomic}
     uint ConcGCThreads                            = 6                                         {product} {ergonomic}
     uint G1ConcRefinementThreads                  = 23                                        {product} {ergonomic}
   size_t G1HeapRegionSize                         = 1048576                                   {product} {ergonomic}
    uintx GCDrainStackTargetSize                   = 64                                        {product} {ergonomic}
   size_t InitialHeapSize                          = 264241152                                 {product} {ergonomic}
   size_t MarkStackSize                            = 4194304                                   {product} {ergonomic}
   size_t MaxHeapSize                              = 2147483648                                {product} {command line}
   size_t MaxNewSize                               = 1287651328                                {product} {ergonomic}
   size_t MinHeapDeltaBytes                        = 1048576                                   {product} {ergonomic}
   size_t MinHeapSize                              = 8388608                                   {product} {ergonomic}
    uintx NonNMethodCodeHeapSize                   = 8192380                                {pd product} {ergonomic}
    uintx NonProfiledCodeHeapSize                  = 121732930                              {pd product} {ergonomic}
    uintx ProfiledCodeHeapSize                     = 121732930                              {pd product} {ergonomic}
    uintx ReservedCodeCacheSize                    = 251658240                              {pd product} {ergonomic}
     bool SegmentedCodeCache                       = true                                      {product} {ergonomic}
   size_t SoftMaxHeapSize                          = 2147483648                             {manageable} {ergonomic}
     bool UseCompressedOops                        = true                           {product lp64_product} {ergonomic}
     bool UseG1GC                                  = true                                      {product} {ergonomic}
     bool UseLargePagesIndividualAllocation        = false                                  {pd product} {ergonomic}

Logging:
Log output configuration:
 #0: stdout all=warning uptime,level,tags foldmultilines=false
 #1: stderr all=off uptime,level,tags foldmultilines=false

Environment Variables:
PATH=C:\Program Files (x86)\VMware\VMware Player\bin\;C:\Program Files\Common Files\Oracle\Java\javapath;C:\WINDOWS\system32;C:\WINDOWS;C:\WINDOWS\System32\Wbem;C:\WINDOWS\System32\WindowsPowerShell\v1.0\;C:\WINDOWS\System32\OpenSSH\;C:\Program Files (x86)\Microsoft SQL Server\160\Tools\Binn\;C:\Program Files\Microsoft SQL Server\160\Tools\Binn\;C:\Program Files\Microsoft SQL Server\Client SDK\ODBC\170\Tools\Binn\;C:\Program Files\Microsoft SQL Server\160\DTS\Binn\;C:\Program Files (x86)\Microsoft SQL Server\160\DTS\Binn\;C:\Program Files\Microsoft SQL Server\150\Tools\Binn\;C:\Program Files\dotnet\;C:\Program Files\Git\cmd;C:\Program Files\Cloudflare\Cloudflare WARP\;C:\sqlite3;C:\Users\Acer\AppData\Local\Microsoft\WindowsApps;C:\Users\Acer\AppData\Local\Programs\Microsoft VS Code\bin;C:\Users\Acer\.dotnet\tools;C:\Users\Acer\AppData\Local\GitHubDesktop\bin;
USERNAME=Acer
OS=Windows_NT
PROCESSOR_IDENTIFIER=Intel64 Family 6 Model 183 Stepping 1, GenuineIntel
TMP=C:\Users\Acer\AppData\Local\Temp
TEMP=C:\Users\Acer\AppData\Local\Temp




Periodic native trim disabled

JNI global refs:
JNI global refs: 37, weak refs: 0

JNI global refs memory usage: 835, weak refs: 833

Process memory usage:
Resident Set Size: 400116K (2% of 16474168K total physical memory with 2920812K free physical memory)

OOME stack traces (most recent first):
Classloader memory used:
Loader org.gradle.internal.classloader.VisitableURLClassLoader                         : 35653K
Loader bootstrap                                                                       : 23147K
Loader org.gradle.initialization.MixInLegacyTypesClassLoader                           : 10157K
Loader org.gradle.internal.classloader.VisitableURLClassLoader                         : 956K
Loader org.gradle.internal.classloader.VisitableURLClassLoader$InstrumentingVisitableURLClassLoader: 698K
Loader jdk.internal.loader.ClassLoaders$PlatformClassLoader                            : 513K
Loader jdk.internal.reflect.DelegatingClassLoader                                      : 251K
Loader jdk.internal.loader.ClassLoaders$AppClassLoader                                 : 230K
Loader org.gradle.groovy.scripts.internal.DefaultScriptCompilationHandler$ScriptClassLoader: 89128B
Loader org.codehaus.groovy.runtime.callsite.CallSiteClassLoader                        : 49672B

Classes loaded by more than one classloader:
Class org.gradle.api.GradleException                                                  : loaded 3 times (x 79B)
Class Program                                                                         : loaded 3 times (x 69B)
Class org.gradle.api.internal.classpath.ManifestUtil                                  : loaded 2 times (x 68B)
Class org.jetbrains.plugins.gradle.model.GradleExtensions                             : loaded 2 times (x 67B)
Class org.jetbrains.plugins.gradle.model.AnnotationProcessingModel                    : loaded 2 times (x 67B)
Class org.gradle.internal.operations.MultipleBuildOperationFailures                   : loaded 2 times (x 92B)
Class org.jetbrains.kotlin.idea.gradleTooling.model.noarg.NoArgModel                  : loaded 2 times (x 67B)
Class org.gradle.internal.classloader.DefaultClassLoaderFactory                       : loaded 2 times (x 79B)
Class kotlin.collections.AbstractList$Companion                                       : loaded 2 times (x 68B)
Class org.gradle.internal.classloader.ClassLoaderVisitor                              : loaded 2 times (x 73B)
Class org.gradle.api.internal.classpath.EffectiveClassPath                            : loaded 2 times (x 87B)
Class org.gradle.tooling.internal.gradle.DefaultProjectIdentifier                     : loaded 2 times (x 83B)
Class org.jetbrains.kotlin.idea.gradleTooling.model.allopen.AllOpenModel              : loaded 2 times (x 67B)
Class org.gradle.api.internal.DefaultClassPathProvider                                : loaded 2 times (x 73B)
Class sync_studio_tooling30877_2ihhv8k3420vpulebfk0fzm5s                              : loaded 2 times (x 176B)
Class [Lorg.gradle.api.internal.ClassPathProvider;                                    : loaded 2 times (x 66B)
Class org.gradle.api.internal.ClassPathProvider                                       : loaded 2 times (x 67B)
Class org.gradle.internal.service.UnknownServiceException                             : loaded 2 times (x 80B)
Class org.jetbrains.kotlin.idea.gradleTooling.KotlinDslScriptAdditionalTask           : loaded 2 times (x 67B)
Class org.gradle.internal.classpath.TransformedClassPath                              : loaded 2 times (x 93B)
Class kotlin.enums.EnumEntriesList                                                    : loaded 2 times (x 220B)
Class org.gradle.internal.classloader.ClassLoaderHierarchy                            : loaded 2 times (x 67B)
Class org.jetbrains.kotlin.idea.gradleTooling.KotlinSourceSetContainer                : loaded 2 times (x 67B)
Class org.gradle.internal.service.ServiceLocator                                      : loaded 2 times (x 67B)
Class org.jetbrains.kotlin.android.synthetic.idea.AndroidExtensionsGradleModel        : loaded 2 times (x 67B)
Class org.gradle.tooling.model.UnsupportedMethodException                             : loaded 2 times (x 79B)
Class org.gradle.internal.InternalTransformer                                         : loaded 2 times (x 67B)
Class org.gradle.internal.time.DefaultTimer                                           : loaded 2 times (x 77B)
Class org.gradle.internal.classloader.ClasspathUtil$1                                 : loaded 2 times (x 73B)
Class org.gradle.api.internal.classpath.DefaultModuleRegistry$DefaultModule           : loaded 2 times (x 83B)
Class org.jetbrains.kotlin.idea.gradleTooling.model.lombok.LombokModel                : loaded 2 times (x 67B)
Class org.gradle.internal.time.DefaultCountdownTimer                                  : loaded 2 times (x 85B)
Class ijInit1_7zx0boqoqclx94kfrs74z2hxx                                               : loaded 2 times (x 176B)
Class org.gradle.tooling.internal.gradle.DefaultBuildIdentifier                       : loaded 2 times (x 76B)
Class kotlin.Function                                                                 : loaded 2 times (x 67B)
Class org.gradle.api.internal.classpath.Module                                        : loaded 2 times (x 67B)
Class org.gradle.api.internal.classpath.UnknownModuleException                        : loaded 2 times (x 79B)
Class com.intellij.openapi.externalSystem.model.project.dependencies.ProjectDependencies: loaded 2 times (x 67B)
Class org.gradle.tooling.internal.gradle.GradleProjectIdentity                        : loaded 2 times (x 67B)
Class org.gradle.api.internal.DefaultClassPathRegistry                                : loaded 2 times (x 73B)
Class org.gradle.api.internal.ClassPathRegistry                                       : loaded 2 times (x 67B)
Class org.gradle.internal.classpath.DefaultClassPath$ImmutableUniqueList              : loaded 2 times (x 196B)
Class org.jetbrains.plugins.gradle.model.IntelliJSettings                             : loaded 2 times (x 67B)
Class Settings_gradle$1                                                               : loaded 2 times (x 71B)
Class org.gradle.internal.classpath.ClassPath                                         : loaded 2 times (x 67B)
Class org.gradle.api.UncheckedIOException                                             : loaded 2 times (x 79B)
Class org.jetbrains.kotlin.idea.gradleTooling.KotlinGradleModel                       : loaded 2 times (x 67B)
Class org.gradle.tooling.model.Model                                                  : loaded 2 times (x 67B)
Class kotlin.UninitializedPropertyAccessException                                     : loaded 2 times (x 79B)
Class org.jetbrains.plugins.gradle.model.IntelliJProjectSettings                      : loaded 2 times (x 67B)
Class org.jetbrains.kotlin.idea.gradleTooling.model.annotation.AnnotationBasedPluginModel: loaded 2 times (x 67B)
Class org.gradle.internal.installation.GradleInstallation$1                           : loaded 2 times (x 72B)
Class org.gradle.api.internal.classpath.ModuleRegistry                                : loaded 2 times (x 67B)
Class org.jetbrains.plugins.gradle.model.VersionCatalogsModel                         : loaded 2 times (x 67B)
Class org.gradle.api.internal.classpath.DefaultModuleRegistry                         : loaded 2 times (x 80B)
Class org.gradle.internal.time.MonotonicClock                                         : loaded 2 times (x 74B)
Class org.gradle.internal.service.ServiceLookupException                              : loaded 2 times (x 79B)
Class org.gradle.internal.classloader.ClassLoaderFactory                              : loaded 2 times (x 67B)
Class org.gradle.internal.service.CachingServiceLocator                               : loaded 2 times (x 79B)
Class org.jetbrains.plugins.gradle.model.RepositoryModels                             : loaded 2 times (x 67B)
Class org.gradle.internal.time.TimeSource                                             : loaded 2 times (x 67B)
Class org.gradle.tooling.internal.gradle.GradleBuildIdentity                          : loaded 2 times (x 67B)
Class kotlin.enums.EnumEntries                                                        : loaded 2 times (x 67B)
Class org.gradle.internal.exceptions.ResolutionProvider                               : loaded 2 times (x 67B)
Class org.gradle.tooling.model.ProjectIdentifier                                      : loaded 2 times (x 67B)
Class org.gradle.internal.classloader.ClasspathUtil                                   : loaded 2 times (x 68B)
Class org.gradle.internal.time.TimeSource$1                                           : loaded 2 times (x 74B)
Class kotlin.jvm.internal.DefaultConstructorMarker                                    : loaded 2 times (x 68B)
Class org.gradle.api.specs.Spec                                                       : loaded 2 times (x 67B)
Class org.gradle.internal.time.Clock                                                  : loaded 2 times (x 67B)
Class org.jetbrains.plugins.gradle.model.jar.JarTaskManifestConfiguration             : loaded 2 times (x 67B)
Class kotlin.collections.AbstractList                                                 : loaded 2 times (x 194B)
Class kotlin.collections.AbstractCollection                                           : loaded 2 times (x 114B)
Class org.gradle.internal.classloader.VisitableURLClassLoader$InstrumentingVisitableURLClassLoader: loaded 2 times (x 120B)
Class org.gradle.internal.classloader.VisitableURLClassLoader$Spec                    : loaded 2 times (x 71B)
Class org.gradle.internal.classpath.DefaultClassPath                                  : loaded 2 times (x 87B)
Class org.gradle.internal.classloader.ClassLoaderSpec                                 : loaded 2 times (x 68B)
Class Settings_gradle$1$1                                                             : loaded 2 times (x 71B)
Class org.gradle.internal.classloader.VisitableURLClassLoader                         : loaded 2 times (x 114B)
Class Settings_gradle                                                                 : loaded 2 times (x 125B)
Class org.gradle.internal.Cast                                                        : loaded 2 times (x 68B)
Class org.gradle.api.Action                                                           : loaded 2 times (x 67B)
Class kotlin.jvm.functions.Function1                                                  : loaded 2 times (x 67B)
Class org.gradle.internal.agents.InstrumentingClassLoader                             : loaded 2 times (x 67B)
Class org.gradle.internal.classpath.DefaultClassPath$ImmutableUniqueList$Builder      : loaded 2 times (x 72B)
Class org.jetbrains.kotlin.idea.gradleTooling.model.samWithReceiver.SamWithReceiverModel: loaded 2 times (x 67B)
Class org.gradle.internal.classloader.FilteringClassLoader                            : loaded 2 times (x 102B)
Class org.gradle.internal.exceptions.NonGradleCauseExceptionsHolder                   : loaded 2 times (x 67B)
Class org.jetbrains.kotlin.idea.gradleTooling.model.assignment.AssignmentModel        : loaded 2 times (x 67B)
Class kotlin.enums.EnumEntriesKt                                                      : loaded 2 times (x 68B)
Class org.gradle.internal.IoActions                                                   : loaded 2 times (x 68B)
Class org.gradle.internal.classloader.SystemClassLoaderSpec                           : loaded 2 times (x 68B)
Class org.gradle.internal.exceptions.MultiCauseException                              : loaded 2 times (x 67B)
Class org.gradle.internal.time.CountdownTimer                                         : loaded 2 times (x 67B)
Class kotlin.jvm.internal.Intrinsics                                                  : loaded 2 times (x 68B)
Class org.jetbrains.kotlin.idea.gradleTooling.model.parcelize.ParcelizeGradleModel    : loaded 2 times (x 67B)
Class org.gradle.tooling.model.ProjectModel                                           : loaded 2 times (x 67B)
Class kotlin.KotlinNullPointerException                                               : loaded 2 times (x 80B)
Class org.jetbrains.plugins.gradle.model.tests.ExternalTestsModel                     : loaded 2 times (x 67B)
Class org.gradle.internal.exceptions.DefaultMultiCauseException                       : loaded 2 times (x 92B)
Class org.gradle.internal.time.Time                                                   : loaded 2 times (x 68B)
Class org.jetbrains.plugins.gradle.model.DependencyAccessorsModel                     : loaded 2 times (x 67B)
Class org.jetbrains.kotlin.idea.gradleTooling.KotlinMPPGradleModel                    : loaded 2 times (x 67B)
Class org.gradle.tooling.model.BuildIdentifier                                        : loaded 2 times (x 67B)
Class org.jetbrains.kotlin.idea.gradleTooling.PrepareKotlinIdeImportTaskModel         : loaded 2 times (x 67B)
Class org.gradle.internal.time.Timer                                                  : loaded 2 times (x 67B)
Class kotlin.jvm.internal.markers.KMappedMarker                                       : loaded 2 times (x 67B)
Class org.gradle.internal.installation.CurrentGradleInstallationLocator               : loaded 2 times (x 68B)
Class org.gradle.internal.service.DefaultServiceLocator                               : loaded 2 times (x 80B)
Class org.gradle.util.GradleVersion                                                   : loaded 2 times (x 80B)
Class org.gradle.internal.installation.CurrentGradleInstallation                      : loaded 2 times (x 70B)
Class org.gradle.util.internal.GUtil                                                  : loaded 2 times (x 68B)
Class org.gradle.internal.installation.GradleInstallation                             : loaded 2 times (x 72B)

---------------  S Y S T E M  ---------------

OS:
 Windows 11 , 64 bit Build 26100 (10.0.26100.3323)
OS uptime: 3 days 1:22 hours
Hyper-V role detected

CPU: total 32 (initial active 32) (16 cores per cpu, 2 threads per core) family 6 model 183 stepping 1 microcode 0x129, cx8, cmov, fxsr, ht, mmx, 3dnowpref, sse, sse2, sse3, ssse3, sse4.1, sse4.2, popcnt, lzcnt, tsc, tscinvbit, avx, avx2, aes, erms, clmul, bmi1, bmi2, adx, sha, fma, vzeroupper, clflush, clflushopt, clwb, hv, serialize, rdtscp, rdpid, fsrm, f16c, cet_ibt, cet_ss
Processor Information for processor 0
  Max Mhz: 2200, Current Mhz: 2200, Mhz Limit: 2200
Processor Information for processor 1
  Max Mhz: 2200, Current Mhz: 1466, Mhz Limit: 2200
Processor Information for processor 2
  Max Mhz: 2200, Current Mhz: 2200, Mhz Limit: 2200
Processor Information for processor 3
  Max Mhz: 2200, Current Mhz: 1466, Mhz Limit: 2200
Processor Information for processor 4
  Max Mhz: 2200, Current Mhz: 2200, Mhz Limit: 2200
Processor Information for processor 5
  Max Mhz: 2200, Current Mhz: 2200, Mhz Limit: 2200
Processor Information for processor 6
  Max Mhz: 2200, Current Mhz: 2200, Mhz Limit: 2200
Processor Information for processor 7
  Max Mhz: 2200, Current Mhz: 1466, Mhz Limit: 2200
Processor Information for processor 8
  Max Mhz: 2200, Current Mhz: 1466, Mhz Limit: 2200
Processor Information for processor 9
  Max Mhz: 2200, Current Mhz: 2200, Mhz Limit: 2200
Processor Information for processor 10
  Max Mhz: 2200, Current Mhz: 2200, Mhz Limit: 2200
Processor Information for processor 11
  Max Mhz: 2200, Current Mhz: 1466, Mhz Limit: 2200
Processor Information for processor 12
  Max Mhz: 2200, Current Mhz: 1466, Mhz Limit: 2200
Processor Information for processor 13
  Max Mhz: 2200, Current Mhz: 2200, Mhz Limit: 2200
Processor Information for processor 14
  Max Mhz: 2200, Current Mhz: 1466, Mhz Limit: 2200
Processor Information for processor 15
  Max Mhz: 2200, Current Mhz: 1466, Mhz Limit: 2200
Processor Information for processor 16
  Max Mhz: 2200, Current Mhz: 2200, Mhz Limit: 2200
Processor Information for processor 17
  Max Mhz: 2200, Current Mhz: 2200, Mhz Limit: 2200
Processor Information for processor 18
  Max Mhz: 2200, Current Mhz: 2200, Mhz Limit: 2200
Processor Information for processor 19
  Max Mhz: 2200, Current Mhz: 2200, Mhz Limit: 2200
Processor Information for processor 20
  Max Mhz: 2200, Current Mhz: 1512, Mhz Limit: 2200
Processor Information for processor 21
  Max Mhz: 2200, Current Mhz: 2200, Mhz Limit: 2200
Processor Information for processor 22
  Max Mhz: 2200, Current Mhz: 2200, Mhz Limit: 2200
Processor Information for processor 23
  Max Mhz: 2200, Current Mhz: 2200, Mhz Limit: 2200
Processor Information for processor 24
  Max Mhz: 2200, Current Mhz: 2200, Mhz Limit: 2200
Processor Information for processor 25
  Max Mhz: 2200, Current Mhz: 2200, Mhz Limit: 2200
Processor Information for processor 26
  Max Mhz: 2200, Current Mhz: 2200, Mhz Limit: 2200
Processor Information for processor 27
  Max Mhz: 2200, Current Mhz: 1512, Mhz Limit: 2200
Processor Information for processor 28
  Max Mhz: 2200, Current Mhz: 2200, Mhz Limit: 2200
Processor Information for processor 29
  Max Mhz: 2200, Current Mhz: 2200, Mhz Limit: 2200
Processor Information for processor 30
  Max Mhz: 2200, Current Mhz: 1512, Mhz Limit: 2200
Processor Information for processor 31
  Max Mhz: 2200, Current Mhz: 2200, Mhz Limit: 2200

Memory: 4k page, system-wide physical 16088M (2852M free)
TotalPageFile size 30424M (AvailPageFile size 12348M)
current process WorkingSet (physical memory assigned to process): 391M, peak: 397M
current process commit charge ("private bytes"): 459M, peak: 467M

vm_info: OpenJDK 64-Bit Server VM (21.0.3+-12282718-b509.11) for windows-amd64 JRE (21.0.3+-12282718-b509.11), built on 2024-08-27T17:34:15Z by "builder" with MS VC++ 16.10 / 16.11 (VS2019)

END.
